{
  "dataset": {
    "N": 100000,
    "alpha": 0.99,
    "target_alpha": 0.99,
    "minority_dist": "uniform_100",
    "seed": 42
  },
  "results": [
    {
      "method": "hash_table",
      "construction_time_s": 0.007059582996589597,
      "inference_ns": {
        "mean": 417.48,
        "median": 416.0,
        "std": 176.14865767300074,
        "min": 42.0,
        "max": 1000.0,
        "p95": 669.0499999999998,
        "p99": 917.8300000000004
      },
      "memory": {
        "theoretical": 1188890,
        "tracemalloc": 168
      },
      "filter_params": null,
      "filter_type": null
    },
    {
      "method": "cpp_hash_table",
      "construction_time_s": 0.011595000003580935,
      "inference_ns": {
        "mean": 595.45,
        "median": 520.5,
        "std": 282.0113605867678,
        "min": 167.0,
        "max": 1375.0,
        "p95": 1294.05,
        "p99": 1375.0
      },
      "memory": {
        "theoretical": 1188890,
        "tracemalloc": 168
      },
      "filter_params": null,
      "filter_type": null
    },
    {
      "method": "csf_filter_optimal_binary_fuse",
      "construction_time_s": 0.014312125000287779,
      "inference_ns": {
        "mean": 181.27,
        "median": 167.0,
        "std": 46.56368864254635,
        "min": 125.0,
        "max": 459.0,
        "p95": 211.0499999999999,
        "p99": 417.4200000000002
      },
      "memory": {
        "serialized": 2971,
        "csf_stats": {
          "in_memory_bytes": 2791,
          "solution_bytes": 1256.0,
          "filter_bytes": 1032.0,
          "metadata_bytes": 503.0,
          "bucket_stats": {
            "num_buckets": 3,
            "total_solution_bits": 9994,
            "avg_solution_bits": 3331.3333333333335,
            "min_solution_bits": 3305,
            "max_solution_bits": 3372
          },
          "huffman_stats": {
            "num_unique_symbols": 101,
            "max_code_length": 9,
            "avg_bits_per_symbol": 7.693069306930693,
            "code_length_distribution": [
              0,
              1,
              0,
              0,
              0,
              0,
              0,
              32,
              60,
              8
            ]
          },
          "filter_stats": {
            "type": "binary_fuse",
            "size_bytes": 1032,
            "num_elements": 1000,
            "num_hashes": null,
            "size_bits": null,
            "fingerprint_bits": 6
          }
        },
        "tracemalloc": 856
      },
      "filter_params": {
        "fingerprint_bits": 6
      },
      "filter_type": "binary_fuse"
    },
    {
      "method": "csf_filter_shibuya_bloom",
      "construction_time_s": 0.01689770899974974,
      "inference_ns": {
        "mean": 231.23,
        "median": 209.0,
        "std": 44.66427095565313,
        "min": 167.0,
        "max": 542.0,
        "p95": 252.09999999999988,
        "p99": 417.2600000000007
      },
      "memory": {
        "serialized": 2978,
        "csf_stats": {
          "in_memory_bytes": 2852,
          "solution_bytes": 1224.0,
          "filter_bytes": 1125.0,
          "metadata_bytes": 503.0,
          "bucket_stats": {
            "num_buckets": 3,
            "total_solution_bits": 9712,
            "avg_solution_bits": 3237.3333333333335,
            "min_solution_bits": 3195,
            "max_solution_bits": 3268
          },
          "huffman_stats": {
            "num_unique_symbols": 101,
            "max_code_length": 9,
            "avg_bits_per_symbol": 7.693069306930693,
            "code_length_distribution": [
              0,
              1,
              0,
              0,
              0,
              0,
              0,
              32,
              60,
              8
            ]
          },
          "filter_stats": {
            "type": "bloom",
            "size_bytes": 1125,
            "num_elements": 0,
            "num_hashes": 6,
            "size_bits": 9000,
            "fingerprint_bits": null
          }
        },
        "tracemalloc": 784
      },
      "filter_params": {
        "bloom_bits_per_element": 9,
        "bloom_num_hashes": 6
      },
      "filter_type": "bloom"
    },
    {
      "method": "java_csf",
      "construction_time_s": 0.144544,
      "inference_ns": {
        "mean": 319.0,
        "median": 333.0,
        "std": 27.0,
        "min": 291,
        "max": 459,
        "p95": 334.0,
        "p99": 417.0
      },
      "memory": {
        "num_bits": 131561,
        "serialized_bytes": 17436
      },
      "filter_params": {
        "codec": "Huffman"
      },
      "filter_type": null
    },
    {
      "method": "java_mph",
      "construction_time_s": 0.413603,
      "inference_ns": {
        "mean": 1997.0,
        "median": 1396.0,
        "std": 2566.0,
        "min": 1000,
        "max": 20334,
        "p95": 5412.0,
        "p99": 14476.0
      },
      "memory": {
        "serialized_bytes": 722498
      },
      "filter_params": null,
      "filter_type": null
    },
    {
      "method": "lsf_ours_filtered-huffman_opt",
      "construction_time_s": 7.321497499994082,
      "inference_ns": {
        "mean": 3337
      },
      "memory": {
        "serialized": 3734,
        "bits_per_key": 0.25024,
        "model_bits_per_key": 0.04848
      },
      "filter_params": {
        "competitor": "ours",
        "storage": "Filtered-Huffman_Opt",
        "cross_entropy_bits_per_key": 0.14571
      },
      "filter_type": null
    }
  ]
}