{
  "dataset": {
    "N": 100000,
    "alpha": 0.7,
    "target_alpha": 0.7,
    "minority_dist": "zipfian",
    "seed": 42
  },
  "results": [
    {
      "method": "hash_table",
      "construction_time_s": 0.007527707988629118,
      "inference_ns": {
        "mean": 212.87,
        "median": 208.0,
        "std": 90.460118836977,
        "min": 83.0,
        "max": 625.0,
        "p95": 375.0,
        "p99": 459.67000000000087
      },
      "memory": {
        "theoretical": 1188890
      },
      "filter_params": null,
      "filter_type": null
    },
    {
      "method": "cpp_hash_table",
      "construction_time_s": 0.007049167004879564,
      "inference_ns": {
        "mean": 441.31,
        "median": 417.0,
        "std": 119.60783377354512,
        "min": 208.0,
        "max": 791.0,
        "p95": 667.0,
        "p99": 750.4100000000002
      },
      "memory": {
        "theoretical": 1188890
      },
      "filter_params": null,
      "filter_type": null
    },
    {
      "method": "csf_filter_optimal_binary_fuse",
      "construction_time_s": 0.0305210420046933,
      "inference_ns": {
        "mean": 276.14,
        "median": 291.0,
        "std": 66.87496093456804,
        "min": 167.0,
        "max": 667.0,
        "p95": 375.0,
        "p99": 501.67000000000087
      },
      "memory": {
        "serialized": 39009,
        "csf_stats": {
          "in_memory_bytes": 38829,
          "solution_bytes": 27728.0,
          "filter_bytes": 4416.0,
          "metadata_bytes": 6685.0,
          "bucket_stats": {
            "num_buckets": 65,
            "total_solution_bits": 219842,
            "avg_solution_bits": 3382.1846153846154,
            "min_solution_bits": 2943,
            "max_solution_bits": 3828
          },
          "huffman_stats": {
            "num_unique_symbols": 1376,
            "max_code_length": 16,
            "avg_bits_per_symbol": 15.219476744186046,
            "code_length_distribution": [
              0,
              1,
              1,
              0,
              1,
              1,
              2,
              3,
              5,
              9,
              13,
              22,
              33,
              61,
              79,
              211,
              934
            ]
          },
          "filter_stats": {
            "type": "binary_fuse",
            "size_bytes": 4416,
            "num_elements": 30000,
            "num_hashes": null,
            "size_bits": null,
            "fingerprint_bits": 1
          }
        }
      },
      "filter_params": {
        "fingerprint_bits": 1
      },
      "filter_type": "binary_fuse"
    },
    {
      "method": "csf_filter_shibuya_bloom",
      "construction_time_s": 0.032360291996155865,
      "inference_ns": {
        "mean": 249.65,
        "median": 250.0,
        "std": 50.825264386916864,
        "min": 167.0,
        "max": 459.0,
        "p95": 334.0,
        "p99": 458.01
      },
      "memory": {
        "serialized": 42726,
        "csf_stats": {
          "in_memory_bytes": 42597,
          "solution_bytes": 24904.0,
          "filter_bytes": 11250.0,
          "metadata_bytes": 6443.0,
          "bucket_stats": {
            "num_buckets": 51,
            "total_solution_bits": 197532,
            "avg_solution_bits": 3873.176470588235,
            "min_solution_bits": 3321,
            "max_solution_bits": 4400
          },
          "huffman_stats": {
            "num_unique_symbols": 1376,
            "max_code_length": 15,
            "avg_bits_per_symbol": 14.221656976744185,
            "code_length_distribution": [
              0,
              0,
              2,
              1,
              1,
              2,
              3,
              5,
              9,
              13,
              22,
              33,
              61,
              79,
              211,
              934
            ]
          },
          "filter_stats": {
            "type": "bloom",
            "size_bytes": 11250,
            "num_elements": 0,
            "num_hashes": 2,
            "size_bits": 90000,
            "fingerprint_bits": null
          }
        }
      },
      "filter_params": {
        "bloom_bits_per_element": 3,
        "bloom_num_hashes": 2
      },
      "filter_type": "bloom"
    },
    {
      "method": "java_csf",
      "construction_time_s": 0.23778,
      "inference_ns": {
        "mean": 1065.0,
        "median": 958.0,
        "std": 1096.0,
        "min": 750,
        "max": 11834,
        "p95": 1166.0,
        "p99": 2264.0
      },
      "memory": {
        "num_bits": 356553,
        "serialized_bytes": 45616
      },
      "filter_params": {
        "codec": "Huffman"
      },
      "filter_type": null
    },
    {
      "method": "java_mph",
      "construction_time_s": 0.552138,
      "inference_ns": {
        "mean": 1533.0,
        "median": 1209.0,
        "std": 1499.0,
        "min": 792,
        "max": 11750,
        "p95": 2908.0,
        "p99": 9688.0
      },
      "memory": {
        "serialized_bytes": 557497
      },
      "filter_params": null,
      "filter_type": null
    },
    {
      "method": "lsf_ours_filtered-huffman_opt",
      "construction_time_s": 26.528574666005454,
      "inference_ns": {
        "mean": 54403
      },
      "memory": {
        "serialized": 53291,
        "bits_per_key": 3.60288,
        "model_bits_per_key": 0.66048
      },
      "filter_params": {
        "competitor": "ours",
        "storage": "Filtered-Huffman_Opt",
        "cross_entropy_bits_per_key": 2.233297
      },
      "filter_type": null
    }
  ]
}