{
  "dataset": {
    "N": 100000,
    "alpha": 0.8,
    "target_alpha": 0.8,
    "minority_dist": "unique",
    "seed": 42
  },
  "results": [
    {
      "method": "hash_table",
      "construction_time_s": 0.008132875002047513,
      "inference_ns": {
        "mean": 421.33,
        "median": 417.0,
        "std": 151.27954620503067,
        "min": 42.0,
        "max": 875.0,
        "p95": 666.05,
        "p99": 833.4200000000002
      },
      "memory": {
        "theoretical": 1188890,
        "tracemalloc": 512
      },
      "filter_params": null,
      "filter_type": null
    },
    {
      "method": "cpp_hash_table",
      "construction_time_s": 0.007047624996630475,
      "inference_ns": {
        "mean": 620.76,
        "median": 375.0,
        "std": 854.1618127732004,
        "min": 208.0,
        "max": 7583.0,
        "p95": 1768.7499999999989,
        "p99": 2343.920000000027
      },
      "memory": {
        "theoretical": 1188890
      },
      "filter_params": null,
      "filter_type": null
    },
    {
      "method": "csf_filter_optimal_binary_fuse",
      "construction_time_s": 0.030072249996010214,
      "inference_ns": {
        "mean": 129.13,
        "median": 125.0,
        "std": 50.508544821643795,
        "min": 42.0,
        "max": 292.0,
        "p95": 250.0,
        "p99": 291.01
      },
      "memory": {
        "serialized": 132767,
        "csf_stats": {
          "in_memory_bytes": 132587,
          "solution_bytes": 47848.0,
          "filter_bytes": 2976.0,
          "metadata_bytes": 81763.0,
          "bucket_stats": {
            "num_buckets": 99,
            "total_solution_bits": 379840,
            "avg_solution_bits": 3836.7676767676767,
            "min_solution_bits": 3351,
            "max_solution_bits": 4480
          },
          "huffman_stats": {
            "num_unique_symbols": 20001,
            "max_code_length": 16,
            "avg_bits_per_symbol": 15.360881955902205,
            "code_length_distribution": [
              0,
              1,
              0,
              0,
              0,
              0,
              0,
              0,
              0,
              0,
              0,
              0,
              0,
              0,
              0,
              12768,
              7232
            ]
          },
          "filter_stats": {
            "type": "binary_fuse",
            "size_bytes": 2976,
            "num_elements": 20000,
            "num_hashes": null,
            "size_bits": null,
            "fingerprint_bits": 1
          }
        }
      },
      "filter_params": {
        "fingerprint_bits": 1
      },
      "filter_type": "binary_fuse"
    },
    {
      "method": "csf_filter_shibuya_bloom",
      "construction_time_s": 0.02723091699590441,
      "inference_ns": {
        "mean": 96.73,
        "median": 84.0,
        "std": 43.251787246309256,
        "min": 41.0,
        "max": 417.0,
        "p95": 127.09999999999988,
        "p99": 210.09000000000106
      },
      "memory": {
        "serialized": 136951,
        "csf_stats": {
          "in_memory_bytes": 136824,
          "solution_bytes": 42752.0,
          "filter_bytes": 12500.0,
          "metadata_bytes": 81572.0,
          "bucket_stats": {
            "num_buckets": 88,
            "total_solution_bits": 339467,
            "avg_solution_bits": 3857.5795454545455,
            "min_solution_bits": 3192,
            "max_solution_bits": 4505
          },
          "huffman_stats": {
            "num_unique_symbols": 20001,
            "max_code_length": 15,
            "avg_bits_per_symbol": 14.770561471926404,
            "code_length_distribution": [
              0,
              0,
              1,
              0,
              0,
              0,
              0,
              0,
              0,
              0,
              0,
              0,
              0,
              0,
              4576,
              15424
            ]
          },
          "filter_stats": {
            "type": "bloom",
            "size_bytes": 12500,
            "num_elements": 0,
            "num_hashes": 3,
            "size_bits": 100000,
            "fingerprint_bits": null
          }
        }
      },
      "filter_params": {
        "bloom_bits_per_element": 5,
        "bloom_num_hashes": 3
      },
      "filter_type": "bloom"
    },
    {
      "method": "java_csf",
      "construction_time_s": 0.338708,
      "inference_ns": {
        "mean": 377.0,
        "median": 375.0,
        "std": 100.0,
        "min": 333,
        "max": 1125,
        "p95": 458.0,
        "p99": 918.0
      },
      "memory": {
        "num_bits": 1713779,
        "serialized_bytes": 215402
      },
      "filter_params": {
        "codec": "Huffman"
      },
      "filter_type": null
    },
    {
      "method": "java_mph",
      "construction_time_s": 0.486875,
      "inference_ns": {
        "mean": 1236.0,
        "median": 1000.0,
        "std": 816.0,
        "min": 792,
        "max": 6750,
        "p95": 2394.0,
        "p99": 4770.0
      },
      "memory": {
        "serialized_bytes": 652801
      },
      "filter_params": null,
      "filter_type": null
    },
    {
      "method": "lsf_ourcsf_filtered-huffmancsf_opt",
      "construction_time_s": 0.073737375,
      "inference_ns": {
        "mean": 77.883968
      },
      "memory": {
        "serialized_bytes": 51544,
        "bits_per_key": 4.12352,
        "model_bits_per_key": 6.40032
      },
      "filter_params": {
        "competitor": "ourCSF",
        "storage": "Filtered-HuffmanCSF_Opt",
        "cross_entropy_bits_per_key": null
      },
      "filter_type": null
    },
    {
      "method": "lsf_ours_filtered-huffman_opt",
      "construction_time_s": 359.65671774999703,
      "inference_ns": {
        "mean": 1431918
      },
      "memory": {
        "serialized": 206785,
        "bits_per_key": 6.94232,
        "model_bits_per_key": 9.60048
      },
      "filter_params": {
        "competitor": "ours",
        "storage": "Filtered-Huffman_Opt",
        "cross_entropy_bits_per_key": 3.793468
      },
      "filter_type": null
    }
  ]
}