{
  "dataset": {
    "N": 100000,
    "alpha": 0.95,
    "target_alpha": 0.95,
    "minority_dist": "unique",
    "seed": 42
  },
  "results": [
    {
      "method": "hash_table",
      "construction_time_s": 0.008227625003200956,
      "inference_ns": {
        "mean": 575.82,
        "median": 458.0,
        "std": 341.06056295033585,
        "min": 41.0,
        "max": 1625.0,
        "p95": 1252.1,
        "p99": 1377.5000000000014
      },
      "memory": {
        "theoretical": 1188890,
        "tracemalloc": 368
      },
      "filter_params": null,
      "filter_type": null
    },
    {
      "method": "cpp_hash_table",
      "construction_time_s": 0.012959542000317015,
      "inference_ns": {
        "mean": 735.83,
        "median": 541.0,
        "std": 561.7452635314338,
        "min": 167.0,
        "max": 4042.0,
        "p95": 1335.1,
        "p99": 3711.3400000000015
      },
      "memory": {
        "theoretical": 1188890,
        "tracemalloc": 336
      },
      "filter_params": null,
      "filter_type": null
    },
    {
      "method": "csf_filter_optimal_binary_fuse",
      "construction_time_s": 0.02485487499507144,
      "inference_ns": {
        "mean": 187.95,
        "median": 167.0,
        "std": 59.023109880791615,
        "min": 125.0,
        "max": 583.0,
        "p95": 292.0,
        "p99": 377.08000000000106
      },
      "memory": {
        "serialized": 33736,
        "csf_stats": {
          "in_memory_bytes": 33556,
          "solution_bytes": 10008.0,
          "filter_bytes": 3136.0,
          "metadata_bytes": 20412.0,
          "bucket_stats": {
            "num_buckets": 20,
            "total_solution_bits": 79477,
            "avg_solution_bits": 3973.85,
            "min_solution_bits": 3534,
            "max_solution_bits": 4377
          },
          "huffman_stats": {
            "num_unique_symbols": 5001,
            "max_code_length": 14,
            "avg_bits_per_symbol": 13.359128174365127,
            "code_length_distribution": [
              0,
              1,
              0,
              0,
              0,
              0,
              0,
              0,
              0,
              0,
              0,
              0,
              0,
              3192,
              1808
            ]
          },
          "filter_stats": {
            "type": "binary_fuse",
            "size_bytes": 3136,
            "num_elements": 5000,
            "num_hashes": null,
            "size_bits": null,
            "fingerprint_bits": 4
          }
        },
        "tracemalloc": 992
      },
      "filter_params": {
        "fingerprint_bits": 4
      },
      "filter_type": "binary_fuse"
    },
    {
      "method": "csf_filter_shibuya_bloom",
      "construction_time_s": 0.02636629199696472,
      "inference_ns": {
        "mean": 236.11,
        "median": 208.0,
        "std": 60.41157091153978,
        "min": 166.0,
        "max": 625.0,
        "p95": 375.0,
        "p99": 418.09000000000106
      },
      "memory": {
        "serialized": 34231,
        "csf_stats": {
          "in_memory_bytes": 34106,
          "solution_bytes": 9944.0,
          "filter_bytes": 3750.0,
          "metadata_bytes": 20412.0,
          "bucket_stats": {
            "num_buckets": 20,
            "total_solution_bits": 78849,
            "avg_solution_bits": 3942.45,
            "min_solution_bits": 3445,
            "max_solution_bits": 4377
          },
          "huffman_stats": {
            "num_unique_symbols": 5001,
            "max_code_length": 14,
            "avg_bits_per_symbol": 13.359128174365127,
            "code_length_distribution": [
              0,
              1,
              0,
              0,
              0,
              0,
              0,
              0,
              0,
              0,
              0,
              0,
              0,
              3192,
              1808
            ]
          },
          "filter_stats": {
            "type": "bloom",
            "size_bytes": 3750,
            "num_elements": 0,
            "num_hashes": 4,
            "size_bits": 30000,
            "fingerprint_bits": null
          }
        },
        "tracemalloc": 872
      },
      "filter_params": {
        "bloom_bits_per_element": 6,
        "bloom_num_hashes": 4
      },
      "filter_type": "bloom"
    },
    {
      "method": "java_csf",
      "construction_time_s": 0.197636,
      "inference_ns": {
        "mean": 330.0,
        "median": 292.0,
        "std": 137.0,
        "min": 250,
        "max": 1625,
        "p95": 418.0,
        "p99": 511.0
      },
      "memory": {
        "num_bits": 506143,
        "serialized_bytes": 64298
      },
      "filter_params": {
        "codec": "Huffman"
      },
      "filter_type": null
    },
    {
      "method": "java_mph",
      "construction_time_s": 0.472424,
      "inference_ns": {
        "mean": 1390.0,
        "median": 1125.0,
        "std": 961.0,
        "min": 917,
        "max": 7375,
        "p95": 2379.0,
        "p99": 6138.0
      },
      "memory": {
        "serialized_bytes": 704993
      },
      "filter_params": null,
      "filter_type": null
    },
    {
      "method": "lsf_ourcsf_filtered-huffmancsf_opt",
      "construction_time_s": 0.025801875,
      "inference_ns": {
        "mean": 60.682458
      },
      "memory": {
        "serialized_bytes": 12103,
        "bits_per_key": 0.96824,
        "model_bits_per_key": 1.60032
      },
      "filter_params": {
        "competitor": "ourCSF",
        "storage": "Filtered-HuffmanCSF_Opt",
        "cross_entropy_bits_per_key": null
      },
      "filter_type": null
    },
    {
      "method": "lsf_ours_filtered-huffman_opt",
      "construction_time_s": 85.77220354200168,
      "inference_ns": {
        "mean": 243241
      },
      "memory": {
        "serialized": 74204,
        "bits_per_key": 3.53584,
        "model_bits_per_key": 2.40048
      },
      "filter_params": {
        "competitor": "ours",
        "storage": "Filtered-Huffman_Opt",
        "cross_entropy_bits_per_key": 0.930114
      },
      "filter_type": null
    }
  ]
}