{
  "dataset": {
    "N": 100000,
    "alpha": 0.5,
    "target_alpha": 0.5,
    "minority_dist": "zipfian",
    "seed": 42
  },
  "results": [
    {
      "method": "hash_table",
      "construction_time_s": 0.007334790992899798,
      "inference_ns": {
        "mean": 388.74,
        "median": 375.0,
        "std": 180.1083351763599,
        "min": 41.0,
        "max": 959.0,
        "p95": 712.1999999999998,
        "p99": 958.01
      },
      "memory": {
        "theoretical": 1188890,
        "tracemalloc": 656
      },
      "filter_params": null,
      "filter_type": null
    },
    {
      "method": "cpp_hash_table",
      "construction_time_s": 0.013551833995734341,
      "inference_ns": {
        "mean": 532.97,
        "median": 542.0,
        "std": 138.75420390027827,
        "min": 167.0,
        "max": 958.0,
        "p95": 710.0999999999999,
        "p99": 793.6600000000009
      },
      "memory": {
        "theoretical": 1188890,
        "tracemalloc": 192
      },
      "filter_params": null,
      "filter_type": null
    },
    {
      "method": "csf_filter_optimal_binary_fuse",
      "construction_time_s": 0.036458000002312474,
      "inference_ns": {
        "mean": 264.63,
        "median": 209.0,
        "std": 93.41291720099528,
        "min": 166.0,
        "max": 583.0,
        "p95": 461.0499999999999,
        "p99": 500.83000000000044
      },
      "memory": {
        "serialized": 57292,
        "csf_stats": {
          "in_memory_bytes": 57112,
          "solution_bytes": 40912.0,
          "filter_bytes": 7168.0,
          "metadata_bytes": 9032.0,
          "bucket_stats": {
            "num_buckets": 84,
            "total_solution_bits": 324351,
            "avg_solution_bits": 3861.3214285714284,
            "min_solution_bits": 3409,
            "max_solution_bits": 4303
          },
          "huffman_stats": {
            "num_unique_symbols": 1882,
            "max_code_length": 16,
            "avg_bits_per_symbol": 15.098299681190223,
            "code_length_distribution": [
              0,
              0,
              2,
              1,
              1,
              2,
              3,
              5,
              9,
              17,
              17,
              35,
              57,
              98,
              176,
              205,
              1254
            ]
          },
          "filter_stats": {
            "type": "binary_fuse",
            "size_bytes": 7168,
            "num_elements": 50000,
            "num_hashes": null,
            "size_bits": null,
            "fingerprint_bits": 1
          }
        },
        "tracemalloc": 856
      },
      "filter_params": {
        "fingerprint_bits": 1
      },
      "filter_type": "binary_fuse"
    },
    {
      "method": "csf_filter_shibuya_bloom",
      "construction_time_s": 0.03540454100584611,
      "inference_ns": {
        "mean": 283.24,
        "median": 250.0,
        "std": 86.22773567710102,
        "min": 167.0,
        "max": 625.0,
        "p95": 419.0499999999999,
        "p99": 542.8300000000004
      },
      "memory": {
        "serialized": 61008,
        "csf_stats": {
          "in_memory_bytes": 60881,
          "solution_bytes": 39400.0,
          "filter_bytes": 12500.0,
          "metadata_bytes": 8981.0,
          "bucket_stats": {
            "num_buckets": 81,
            "total_solution_bits": 312421,
            "avg_solution_bits": 3857.0493827160494,
            "min_solution_bits": 3248,
            "max_solution_bits": 4424
          },
          "huffman_stats": {
            "num_unique_symbols": 1882,
            "max_code_length": 16,
            "avg_bits_per_symbol": 15.098299681190223,
            "code_length_distribution": [
              0,
              0,
              2,
              1,
              1,
              2,
              3,
              5,
              9,
              17,
              17,
              35,
              57,
              98,
              176,
              205,
              1254
            ]
          },
          "filter_stats": {
            "type": "bloom",
            "size_bytes": 12500,
            "num_elements": 0,
            "num_hashes": 1,
            "size_bits": 100000,
            "fingerprint_bits": null
          }
        },
        "tracemalloc": 784
      },
      "filter_params": {
        "bloom_bits_per_element": 2,
        "bloom_num_hashes": 1
      },
      "filter_type": "bloom"
    },
    {
      "method": "java_csf",
      "construction_time_s": 0.290838,
      "inference_ns": {
        "mean": 397.0,
        "median": 375.0,
        "std": 133.0,
        "min": 292,
        "max": 1333,
        "p95": 502.0,
        "p99": 1044.0
      },
      "memory": {
        "num_bits": 490323,
        "serialized_bytes": 62395
      },
      "filter_params": {
        "codec": "Huffman"
      },
      "filter_type": null
    },
    {
      "method": "java_mph",
      "construction_time_s": 0.568707,
      "inference_ns": {
        "mean": 1195.0,
        "median": 1000.0,
        "std": 949.0,
        "min": 709,
        "max": 7333,
        "p95": 1839.0,
        "p99": 6137.0
      },
      "memory": {
        "serialized_bytes": 442017
      },
      "filter_params": null,
      "filter_type": null
    },
    {
      "method": "lsf_ourcsf_filtered-huffmancsf_opt",
      "construction_time_s": 0.048278583,
      "inference_ns": {
        "mean": 69.49828
      },
      "memory": {
        "serialized_bytes": 41976,
        "bits_per_key": 3.35808,
        "model_bits_per_key": 0.60224
      },
      "filter_params": {
        "competitor": "ourCSF",
        "storage": "Filtered-HuffmanCSF_Opt",
        "cross_entropy_bits_per_key": null
      },
      "filter_type": null
    }
  ]
}