{
  "dataset": {
    "N": 100000,
    "alpha": 0.5,
    "target_alpha": 0.5,
    "minority_dist": "unique",
    "seed": 42
  },
  "results": [
    {
      "method": "hash_table",
      "construction_time_s": 0.007060042000375688,
      "inference_ns": {
        "mean": 430.82,
        "median": 416.0,
        "std": 192.0050197260478,
        "min": 41.0,
        "max": 1125.0,
        "p95": 794.0499999999998,
        "p99": 1041.8400000000004
      },
      "memory": {
        "theoretical": 1188890,
        "tracemalloc": 656
      },
      "filter_params": null,
      "filter_type": null
    },
    {
      "method": "cpp_hash_table",
      "construction_time_s": 0.009283125007641502,
      "inference_ns": {
        "mean": 354.52,
        "median": 354.5,
        "std": 93.66167626089126,
        "min": 208.0,
        "max": 625.0,
        "p95": 502.0999999999999,
        "p99": 584.4100000000002
      },
      "memory": {
        "theoretical": 1188890
      },
      "filter_params": null,
      "filter_type": null
    },
    {
      "method": "csf_filter_optimal_binary_fuse",
      "construction_time_s": 0.062174374994356185,
      "inference_ns": {
        "mean": 192.05,
        "median": 208.0,
        "std": 77.53017154630834,
        "min": 83.0,
        "max": 375.0,
        "p95": 292.0,
        "p99": 333.4200000000002
      },
      "memory": {
        "serialized": 328923,
        "csf_stats": {
          "in_memory_bytes": 328743,
          "solution_bytes": 117360.0,
          "filter_bytes": 7168.0,
          "metadata_bytes": 204215.0,
          "bucket_stats": {
            "num_buckets": 243,
            "total_solution_bits": 931687,
            "avg_solution_bits": 3834.1028806584363,
            "min_solution_bits": 3207,
            "max_solution_bits": 4535
          },
          "huffman_stats": {
            "num_unique_symbols": 50001,
            "max_code_length": 17,
            "avg_bits_per_symbol": 16.033639327213457,
            "code_length_distribution": [
              0,
              0,
              1,
              0,
              0,
              0,
              0,
              0,
              0,
              0,
              0,
              0,
              0,
              0,
              0,
              0,
              48304,
              1696
            ]
          },
          "filter_stats": {
            "type": "binary_fuse",
            "size_bytes": 7168,
            "num_elements": 50000,
            "num_hashes": null,
            "size_bits": null,
            "fingerprint_bits": 1
          }
        }
      },
      "filter_params": {
        "fingerprint_bits": 1
      },
      "filter_type": "binary_fuse"
    },
    {
      "method": "csf_filter_shibuya_bloom",
      "construction_time_s": 0.058204999993904494,
      "inference_ns": {
        "mean": 221.71,
        "median": 209.0,
        "std": 107.99854582354338,
        "min": 42.0,
        "max": 417.0,
        "p95": 377.0499999999999,
        "p99": 417.0
      },
      "memory": {
        "serialized": 341379,
        "csf_stats": {
          "in_memory_bytes": 341256,
          "solution_bytes": 112232.0,
          "filter_bytes": 25000.0,
          "metadata_bytes": 204024.0,
          "bucket_stats": {
            "num_buckets": 232,
            "total_solution_bits": 890818,
            "avg_solution_bits": 3839.7327586206898,
            "min_solution_bits": 3158,
            "max_solution_bits": 4486
          },
          "huffman_stats": {
            "num_unique_symbols": 50001,
            "max_code_length": 16,
            "avg_bits_per_symbol": 15.852862942741146,
            "code_length_distribution": [
              0,
              0,
              0,
              1,
              0,
              0,
              0,
              0,
              0,
              0,
              0,
              0,
              0,
              0,
              0,
              7344,
              42656
            ]
          },
          "filter_stats": {
            "type": "bloom",
            "size_bytes": 25000,
            "num_elements": 0,
            "num_hashes": 3,
            "size_bits": 200000,
            "fingerprint_bits": null
          }
        }
      },
      "filter_params": {
        "bloom_bits_per_element": 4,
        "bloom_num_hashes": 3
      },
      "filter_type": "bloom"
    },
    {
      "method": "java_csf",
      "construction_time_s": 0.558939,
      "inference_ns": {
        "mean": 667.0,
        "median": 584.0,
        "std": 690.0,
        "min": 416,
        "max": 5791,
        "p95": 708.0,
        "p99": 5049.0
      },
      "memory": {
        "num_bits": 4179676,
        "serialized_bytes": 523975
      },
      "filter_params": {
        "codec": "Huffman"
      },
      "filter_type": null
    },
    {
      "method": "java_mph",
      "construction_time_s": 0.496298,
      "inference_ns": {
        "mean": 1363.0,
        "median": 1209.0,
        "std": 888.0,
        "min": 833,
        "max": 7292,
        "p95": 2225.0,
        "p99": 5682.0
      },
      "memory": {
        "serialized_bytes": 548682
      },
      "filter_params": null,
      "filter_type": null
    },
    {
      "method": "lsf_ourcsf_filtered-huffmancsf_opt",
      "construction_time_s": 0.142485625,
      "inference_ns": {
        "mean": 111.674094
      },
      "memory": {
        "serialized_bytes": 111399,
        "bits_per_key": 8.91192,
        "model_bits_per_key": 16.00032
      },
      "filter_params": {
        "competitor": "ourCSF",
        "storage": "Filtered-HuffmanCSF_Opt",
        "cross_entropy_bits_per_key": null
      },
      "filter_type": null
    },
    {
      "method": "lsf_ours_filtered-huffman_opt",
      "construction_time_s": 793.0649229999999,
      "inference_ns": {
        "mean": 3997545
      },
      "memory": {
        "serialized": 443042,
        "bits_per_key": 11.44296,
        "model_bits_per_key": 24.00048
      },
      "filter_params": {
        "competitor": "ours",
        "storage": "Filtered-Huffman_Opt",
        "cross_entropy_bits_per_key": 9.401009
      },
      "filter_type": null
    }
  ]
}