{
  "dataset": {
    "N": 100000,
    "alpha": 0.95,
    "target_alpha": 0.95,
    "minority_dist": "zipfian",
    "seed": 42
  },
  "results": [
    {
      "method": "hash_table",
      "construction_time_s": 0.008832040999550372,
      "inference_ns": {
        "mean": 436.3,
        "median": 417.0,
        "std": 176.15053221605663,
        "min": 83.0,
        "max": 1167.0,
        "p95": 669.0499999999998,
        "p99": 877.9200000000014
      },
      "memory": {
        "theoretical": 1188890,
        "tracemalloc": 168
      },
      "filter_params": null,
      "filter_type": null
    },
    {
      "method": "cpp_hash_table",
      "construction_time_s": 0.012798499999917112,
      "inference_ns": {
        "mean": 560.85,
        "median": 500.0,
        "std": 272.93249623304297,
        "min": 167.0,
        "max": 1708.0,
        "p95": 1166.05,
        "p99": 1584.2500000000007
      },
      "memory": {
        "theoretical": 1188890,
        "tracemalloc": 168
      },
      "filter_params": null,
      "filter_type": null
    },
    {
      "method": "csf_filter_optimal_binary_fuse",
      "construction_time_s": 0.01749091600504471,
      "inference_ns": {
        "mean": 180.05,
        "median": 167.0,
        "std": 68.94002828545983,
        "min": 125.0,
        "max": 625.0,
        "p95": 333.0,
        "p99": 460.6600000000009
      },
      "memory": {
        "serialized": 9908,
        "csf_stats": {
          "in_memory_bytes": 9728,
          "solution_bytes": 4584.0,
          "filter_bytes": 3136.0,
          "metadata_bytes": 2008.0,
          "bucket_stats": {
            "num_buckets": 12,
            "total_solution_bits": 36221,
            "avg_solution_bits": 3018.4166666666665,
            "min_solution_bits": 2772,
            "max_solution_bits": 3303
          },
          "huffman_stats": {
            "num_unique_symbols": 434,
            "max_code_length": 14,
            "avg_bits_per_symbol": 13.110599078341014,
            "code_length_distribution": [
              0,
              1,
              1,
              0,
              1,
              1,
              2,
              4,
              5,
              11,
              11,
              25,
              22,
              50,
              300
            ]
          },
          "filter_stats": {
            "type": "binary_fuse",
            "size_bytes": 3136,
            "num_elements": 5000,
            "num_hashes": null,
            "size_bits": null,
            "fingerprint_bits": 4
          }
        },
        "tracemalloc": 856
      },
      "filter_params": {
        "fingerprint_bits": 4
      },
      "filter_type": "binary_fuse"
    },
    {
      "method": "csf_filter_shibuya_bloom",
      "construction_time_s": 0.019109208005829714,
      "inference_ns": {
        "mean": 228.77,
        "median": 209.0,
        "std": 50.5155134587386,
        "min": 167.0,
        "max": 542.0,
        "p95": 333.0,
        "p99": 418.2500000000006
      },
      "memory": {
        "serialized": 10346,
        "csf_stats": {
          "in_memory_bytes": 10221,
          "solution_bytes": 4480.0,
          "filter_bytes": 3750.0,
          "metadata_bytes": 1991.0,
          "bucket_stats": {
            "num_buckets": 11,
            "total_solution_bits": 35605,
            "avg_solution_bits": 3236.818181818182,
            "min_solution_bits": 2940,
            "max_solution_bits": 3675
          },
          "huffman_stats": {
            "num_unique_symbols": 434,
            "max_code_length": 14,
            "avg_bits_per_symbol": 13.110599078341014,
            "code_length_distribution": [
              0,
              1,
              1,
              0,
              1,
              1,
              2,
              4,
              5,
              11,
              11,
              25,
              22,
              50,
              300
            ]
          },
          "filter_stats": {
            "type": "bloom",
            "size_bytes": 3750,
            "num_elements": 0,
            "num_hashes": 4,
            "size_bits": 30000,
            "fingerprint_bits": null
          }
        },
        "tracemalloc": 784
      },
      "filter_params": {
        "bloom_bits_per_element": 6,
        "bloom_num_hashes": 4
      },
      "filter_type": "bloom"
    },
    {
      "method": "java_csf",
      "construction_time_s": 0.16914,
      "inference_ns": {
        "mean": 333.0,
        "median": 333.0,
        "std": 41.0,
        "min": 291,
        "max": 541,
        "p95": 375.0,
        "p99": 500.0
      },
      "memory": {
        "num_bits": 171531,
        "serialized_bytes": 22419
      },
      "filter_params": {
        "codec": "Huffman"
      },
      "filter_type": null
    },
    {
      "method": "java_mph",
      "construction_time_s": 0.470178,
      "inference_ns": {
        "mean": 1323.0,
        "median": 1167.0,
        "std": 728.0,
        "min": 833,
        "max": 6667,
        "p95": 1634.0,
        "p99": 4935.0
      },
      "memory": {
        "serialized_bytes": 699834
      },
      "filter_params": null,
      "filter_type": null
    }
  ]
}