{
  "dataset": {
    "N": 100000,
    "alpha": 0.99,
    "target_alpha": 0.99,
    "minority_dist": "unique",
    "seed": 42
  },
  "results": [
    {
      "method": "hash_table",
      "construction_time_s": 0.010365791000367608,
      "inference_ns": {
        "mean": 438.28,
        "median": 417.0,
        "std": 177.7301932705864,
        "min": 41.0,
        "max": 917.0,
        "p95": 712.1499999999997,
        "p99": 875.4200000000002
      },
      "memory": {
        "theoretical": 1188890,
        "tracemalloc": 168
      },
      "filter_params": null,
      "filter_type": null
    },
    {
      "method": "cpp_hash_table",
      "construction_time_s": 0.006549792000441812,
      "inference_ns": {
        "mean": 435.82,
        "median": 375.0,
        "std": 462.09331049042464,
        "min": 167.0,
        "max": 4542.0,
        "p95": 961.0499999999998,
        "p99": 1448.250000000016
      },
      "memory": {
        "theoretical": 1188890
      },
      "filter_params": null,
      "filter_type": null
    },
    {
      "method": "csf_filter_optimal_binary_fuse",
      "construction_time_s": 0.015432375003001653,
      "inference_ns": {
        "mean": 218.33,
        "median": 208.0,
        "std": 52.74107602239454,
        "min": 166.0,
        "max": 459.0,
        "p95": 294.0499999999999,
        "p99": 417.4200000000002
      },
      "memory": {
        "serialized": 7043,
        "csf_stats": {
          "in_memory_bytes": 6863,
          "solution_bytes": 1720.0,
          "filter_bytes": 1032.0,
          "metadata_bytes": 4111.0,
          "bucket_stats": {
            "num_buckets": 3,
            "total_solution_bits": 13638,
            "avg_solution_bits": 4546.0,
            "min_solution_bits": 4423,
            "max_solution_bits": 4651
          },
          "huffman_stats": {
            "num_unique_symbols": 1001,
            "max_code_length": 11,
            "avg_bits_per_symbol": 10.966033966033965,
            "code_length_distribution": [
              0,
              1,
              0,
              0,
              0,
              0,
              0,
              0,
              0,
              0,
              24,
              976
            ]
          },
          "filter_stats": {
            "type": "binary_fuse",
            "size_bytes": 1032,
            "num_elements": 1000,
            "num_hashes": null,
            "size_bits": null,
            "fingerprint_bits": 6
          }
        }
      },
      "filter_params": {
        "fingerprint_bits": 6
      },
      "filter_type": "binary_fuse"
    },
    {
      "method": "csf_filter_shibuya_bloom",
      "construction_time_s": 0.019882250009686686,
      "inference_ns": {
        "mean": 276.59,
        "median": 250.0,
        "std": 54.14223767078712,
        "min": 208.0,
        "max": 500.0,
        "p95": 375.0,
        "p99": 417.83000000000044
      },
      "memory": {
        "serialized": 7050,
        "csf_stats": {
          "in_memory_bytes": 6924,
          "solution_bytes": 1688.0,
          "filter_bytes": 1125.0,
          "metadata_bytes": 4111.0,
          "bucket_stats": {
            "num_buckets": 3,
            "total_solution_bits": 13417,
            "avg_solution_bits": 4472.333333333333,
            "min_solution_bits": 4353,
            "max_solution_bits": 4596
          },
          "huffman_stats": {
            "num_unique_symbols": 1001,
            "max_code_length": 11,
            "avg_bits_per_symbol": 10.966033966033965,
            "code_length_distribution": [
              0,
              1,
              0,
              0,
              0,
              0,
              0,
              0,
              0,
              0,
              24,
              976
            ]
          },
          "filter_stats": {
            "type": "bloom",
            "size_bytes": 1125,
            "num_elements": 0,
            "num_hashes": 6,
            "size_bits": 9000,
            "fingerprint_bits": null
          }
        }
      },
      "filter_params": {
        "bloom_bits_per_element": 9,
        "bloom_num_hashes": 6
      },
      "filter_type": "bloom"
    },
    {
      "method": "java_csf",
      "construction_time_s": 0.190133,
      "inference_ns": {
        "mean": 358.0,
        "median": 333.0,
        "std": 140.0,
        "min": 291,
        "max": 1542,
        "p95": 419.0,
        "p99": 1005.0
      },
      "memory": {
        "num_bits": 192940,
        "serialized_bytes": 25111
      },
      "filter_params": {
        "codec": "Huffman"
      },
      "filter_type": null
    },
    {
      "method": "java_mph",
      "construction_time_s": 0.626746,
      "inference_ns": {
        "mean": 1505.0,
        "median": 1334.0,
        "std": 783.0,
        "min": 1125,
        "max": 6917,
        "p95": 2172.0,
        "p99": 6340.0
      },
      "memory": {
        "serialized_bytes": 723499
      },
      "filter_params": null,
      "filter_type": null
    },
    {
      "method": "lsf_ours_filtered-huffman_opt",
      "construction_time_s": 21.81286008298877,
      "inference_ns": {
        "mean": 36641
      },
      "memory": {
        "serialized": 20155,
        "bits_per_key": 1.13192,
        "model_bits_per_key": 0.48048
      },
      "filter_params": {
        "competitor": "ours",
        "storage": "Filtered-Huffman_Opt",
        "cross_entropy_bits_per_key": 0.181079
      },
      "filter_type": null
    }
  ]
}