{
  "dataset": {
    "N": 100000,
    "alpha": 0.99,
    "target_alpha": 0.99,
    "minority_dist": "zipfian",
    "seed": 42
  },
  "results": [
    {
      "method": "hash_table",
      "construction_time_s": 0.006760042000678368,
      "inference_ns": {
        "mean": 423.36,
        "median": 416.0,
        "std": 177.36744458890982,
        "min": 42.0,
        "max": 959.0,
        "p95": 752.0999999999999,
        "p99": 917.4200000000002
      },
      "memory": {
        "theoretical": 1188890,
        "tracemalloc": 168
      },
      "filter_params": null,
      "filter_type": null
    },
    {
      "method": "cpp_hash_table",
      "construction_time_s": 0.006629374998738058,
      "inference_ns": {
        "mean": 311.67,
        "median": 292.0,
        "std": 86.65564667117776,
        "min": 167.0,
        "max": 625.0,
        "p95": 458.0,
        "p99": 584.4100000000002
      },
      "memory": {
        "theoretical": 1188890
      },
      "filter_params": null,
      "filter_type": null
    },
    {
      "method": "csf_filter_optimal_binary_fuse",
      "construction_time_s": 0.015961167009663768,
      "inference_ns": {
        "mean": 262.07,
        "median": 250.0,
        "std": 89.25673700063207,
        "min": 208.0,
        "max": 1042.0,
        "p95": 333.0,
        "p99": 505.4200000000028
      },
      "memory": {
        "serialized": 2843,
        "csf_stats": {
          "in_memory_bytes": 2663,
          "solution_bytes": 920.0,
          "filter_bytes": 1032.0,
          "metadata_bytes": 711.0,
          "bucket_stats": {
            "num_buckets": 3,
            "total_solution_bits": 7310,
            "avg_solution_bits": 2436.6666666666665,
            "min_solution_bits": 2419,
            "max_solution_bits": 2464
          },
          "huffman_stats": {
            "num_unique_symbols": 151,
            "max_code_length": 11,
            "avg_bits_per_symbol": 10.324503311258278,
            "code_length_distribution": [
              0,
              1,
              1,
              0,
              1,
              1,
              2,
              2,
              6,
              5,
              24,
              108
            ]
          },
          "filter_stats": {
            "type": "binary_fuse",
            "size_bytes": 1032,
            "num_elements": 1000,
            "num_hashes": null,
            "size_bits": null,
            "fingerprint_bits": 6
          }
        }
      },
      "filter_params": {
        "fingerprint_bits": 6
      },
      "filter_type": "binary_fuse"
    },
    {
      "method": "csf_filter_shibuya_bloom",
      "construction_time_s": 0.018272665998665616,
      "inference_ns": {
        "mean": 251.64,
        "median": 250.0,
        "std": 39.131194717258516,
        "min": 208.0,
        "max": 417.0,
        "p95": 333.05,
        "p99": 417.0
      },
      "memory": {
        "serialized": 2842,
        "csf_stats": {
          "in_memory_bytes": 2716,
          "solution_bytes": 880.0,
          "filter_bytes": 1125.0,
          "metadata_bytes": 711.0,
          "bucket_stats": {
            "num_buckets": 3,
            "total_solution_bits": 6965,
            "avg_solution_bits": 2321.6666666666665,
            "min_solution_bits": 2293,
            "max_solution_bits": 2341
          },
          "huffman_stats": {
            "num_unique_symbols": 151,
            "max_code_length": 11,
            "avg_bits_per_symbol": 10.324503311258278,
            "code_length_distribution": [
              0,
              1,
              1,
              0,
              1,
              1,
              2,
              2,
              6,
              5,
              24,
              108
            ]
          },
          "filter_stats": {
            "type": "bloom",
            "size_bytes": 1125,
            "num_elements": 0,
            "num_hashes": 6,
            "size_bits": 9000,
            "fingerprint_bits": null
          }
        }
      },
      "filter_params": {
        "bloom_bits_per_element": 9,
        "bloom_num_hashes": 6
      },
      "filter_type": "bloom"
    },
    {
      "method": "java_csf",
      "construction_time_s": 0.160249,
      "inference_ns": {
        "mean": 321.0,
        "median": 333.0,
        "std": 29.0,
        "min": 291,
        "max": 417,
        "p95": 375.0,
        "p99": 417.0
      },
      "memory": {
        "num_bits": 131856,
        "serialized_bytes": 17458
      },
      "filter_params": {
        "codec": "Huffman"
      },
      "filter_type": null
    },
    {
      "method": "java_mph",
      "construction_time_s": 0.41857,
      "inference_ns": {
        "mean": 1925.0,
        "median": 1334.0,
        "std": 2519.0,
        "min": 1042,
        "max": 18708,
        "p95": 3682.0,
        "p99": 16770.0
      },
      "memory": {
        "serialized_bytes": 722600
      },
      "filter_params": null,
      "filter_type": null
    },
    {
      "method": "lsf_ours_filtered-huffman_opt",
      "construction_time_s": 8.632984541003353,
      "inference_ns": {
        "mean": 5064
      },
      "memory": {
        "serialized": 5685,
        "bits_per_key": 0.38232,
        "model_bits_per_key": 0.07248
      },
      "filter_params": {
        "competitor": "ours",
        "storage": "Filtered-Huffman_Opt",
        "cross_entropy_bits_per_key": 0.123076
      },
      "filter_type": null
    }
  ]
}