{
  "dataset": {
    "N": 100000,
    "alpha": 0.9,
    "target_alpha": 0.9,
    "minority_dist": "zipfian",
    "seed": 42
  },
  "results": [
    {
      "method": "hash_table",
      "construction_time_s": 0.00667875000362983,
      "inference_ns": {
        "mean": 397.51,
        "median": 416.0,
        "std": 165.7930333277005,
        "min": 41.0,
        "max": 875.0,
        "p95": 711.0499999999998,
        "p99": 792.8300000000004
      },
      "memory": {
        "theoretical": 1188890,
        "tracemalloc": 168
      },
      "filter_params": null,
      "filter_type": null
    },
    {
      "method": "cpp_hash_table",
      "construction_time_s": 0.0071120829961728305,
      "inference_ns": {
        "mean": 326.21,
        "median": 292.0,
        "std": 88.81669831737723,
        "min": 208.0,
        "max": 542.0,
        "p95": 500.0,
        "p99": 542.0
      },
      "memory": {
        "theoretical": 1188890
      },
      "filter_params": null,
      "filter_type": null
    },
    {
      "method": "csf_filter_optimal_binary_fuse",
      "construction_time_s": 0.02570262500375975,
      "inference_ns": {
        "mean": 290.35,
        "median": 250.0,
        "std": 78.33101237696346,
        "min": 208.0,
        "max": 583.0,
        "p95": 419.0499999999999,
        "p99": 500.83000000000044
      },
      "memory": {
        "serialized": 17026,
        "csf_stats": {
          "in_memory_bytes": 16846,
          "solution_bytes": 9144.0,
          "filter_bytes": 4608.0,
          "metadata_bytes": 3094.0,
          "bucket_stats": {
            "num_buckets": 22,
            "total_solution_bits": 72277,
            "avg_solution_bits": 3285.318181818182,
            "min_solution_bits": 3012,
            "max_solution_bits": 3596
          },
          "huffman_stats": {
            "num_unique_symbols": 662,
            "max_code_length": 15,
            "avg_bits_per_symbol": 14.078549848942599,
            "code_length_distribution": [
              0,
              1,
              1,
              0,
              1,
              1,
              2,
              4,
              5,
              9,
              14,
              24,
              29,
              51,
              68,
              452
            ]
          },
          "filter_stats": {
            "type": "binary_fuse",
            "size_bytes": 4608,
            "num_elements": 10000,
            "num_hashes": null,
            "size_bits": null,
            "fingerprint_bits": 3
          }
        }
      },
      "filter_params": {
        "fingerprint_bits": 3
      },
      "filter_type": "binary_fuse"
    },
    {
      "method": "csf_filter_shibuya_bloom",
      "construction_time_s": 0.024632208005641587,
      "inference_ns": {
        "mean": 240.0,
        "median": 250.0,
        "std": 38.28759590258965,
        "min": 208.0,
        "max": 459.0,
        "p95": 292.0,
        "p99": 375.84000000000043
      },
      "memory": {
        "serialized": 17562,
        "csf_stats": {
          "in_memory_bytes": 17439,
          "solution_bytes": 9328.0,
          "filter_bytes": 5000.0,
          "metadata_bytes": 3111.0,
          "bucket_stats": {
            "num_buckets": 23,
            "total_solution_bits": 74012,
            "avg_solution_bits": 3217.913043478261,
            "min_solution_bits": 2941,
            "max_solution_bits": 3546
          },
          "huffman_stats": {
            "num_unique_symbols": 662,
            "max_code_length": 15,
            "avg_bits_per_symbol": 14.078549848942599,
            "code_length_distribution": [
              0,
              1,
              1,
              0,
              1,
              1,
              2,
              4,
              5,
              9,
              14,
              24,
              29,
              51,
              68,
              452
            ]
          },
          "filter_stats": {
            "type": "bloom",
            "size_bytes": 5000,
            "num_elements": 0,
            "num_hashes": 3,
            "size_bits": 40000,
            "fingerprint_bits": null
          }
        }
      },
      "filter_params": {
        "bloom_bits_per_element": 4,
        "bloom_num_hashes": 3
      },
      "filter_type": "bloom"
    },
    {
      "method": "java_csf",
      "construction_time_s": 0.171598,
      "inference_ns": {
        "mean": 336.0,
        "median": 292.0,
        "std": 164.0,
        "min": 291,
        "max": 1917,
        "p95": 417.0,
        "p99": 474.0
      },
      "memory": {
        "num_bits": 212569,
        "serialized_bytes": 27559
      },
      "filter_params": {
        "codec": "Huffman"
      },
      "filter_type": null
    },
    {
      "method": "java_mph",
      "construction_time_s": 0.428095,
      "inference_ns": {
        "mean": 1250.0,
        "median": 1042.0,
        "std": 792.0,
        "min": 708,
        "max": 5834,
        "p95": 1808.0,
        "p99": 5545.0
      },
      "memory": {
        "serialized_bytes": 671383
      },
      "filter_params": null,
      "filter_type": null
    },
    {
      "method": "lsf_ours_filtered-huffman_opt",
      "construction_time_s": 17.973443833000644,
      "inference_ns": {
        "mean": 23674
      },
      "memory": {
        "serialized": 25171,
        "bits_per_key": 1.69592,
        "model_bits_per_key": 0.31776
      },
      "filter_params": {
        "competitor": "ours",
        "storage": "Filtered-Huffman_Opt",
        "cross_entropy_bits_per_key": 0.913426
      },
      "filter_type": null
    }
  ]
}