{
  "dataset": {
    "N": 100000,
    "alpha": 0.6,
    "target_alpha": 0.6,
    "minority_dist": "zipfian",
    "seed": 42
  },
  "results": [
    {
      "method": "hash_table",
      "construction_time_s": 0.007415874999423977,
      "inference_ns": {
        "mean": 385.02,
        "median": 375.0,
        "std": 165.4455789678286,
        "min": 42.0,
        "max": 875.0,
        "p95": 669.0499999999998,
        "p99": 792.8300000000004
      },
      "memory": {
        "theoretical": 1188890,
        "tracemalloc": 168
      },
      "filter_params": null,
      "filter_type": null
    },
    {
      "method": "cpp_hash_table",
      "construction_time_s": 0.007236791992909275,
      "inference_ns": {
        "mean": 391.64,
        "median": 375.0,
        "std": 98.93417205394707,
        "min": 166.0,
        "max": 708.0,
        "p95": 543.1499999999999,
        "p99": 708.0
      },
      "memory": {
        "theoretical": 1188890
      },
      "filter_params": null,
      "filter_type": null
    },
    {
      "method": "csf_filter_optimal_binary_fuse",
      "construction_time_s": 0.040926207992015406,
      "inference_ns": {
        "mean": 305.03,
        "median": 292.0,
        "std": 69.65320595636642,
        "min": 208.0,
        "max": 541.0,
        "p95": 458.0,
        "p99": 500.4100000000002
      },
      "memory": {
        "serialized": 48571,
        "csf_stats": {
          "in_memory_bytes": 48391,
          "solution_bytes": 34632.0,
          "filter_bytes": 5824.0,
          "metadata_bytes": 7935.0,
          "bucket_stats": {
            "num_buckets": 71,
            "total_solution_bits": 275030,
            "avg_solution_bits": 3873.6619718309857,
            "min_solution_bits": 3283,
            "max_solution_bits": 4273
          },
          "huffman_stats": {
            "num_unique_symbols": 1662,
            "max_code_length": 17,
            "avg_bits_per_symbol": 16.061371841155236,
            "code_length_distribution": [
              0,
              1,
              1,
              0,
              1,
              1,
              2,
              3,
              6,
              9,
              14,
              23,
              35,
              55,
              88,
              114,
              203,
              1106
            ]
          },
          "filter_stats": {
            "type": "binary_fuse",
            "size_bytes": 5824,
            "num_elements": 40000,
            "num_hashes": null,
            "size_bits": null,
            "fingerprint_bits": 1
          }
        }
      },
      "filter_params": {
        "fingerprint_bits": 1
      },
      "filter_type": "binary_fuse"
    },
    {
      "method": "csf_filter_shibuya_bloom",
      "construction_time_s": 0.04291379101050552,
      "inference_ns": {
        "mean": 259.55,
        "median": 250.0,
        "std": 46.32502023744836,
        "min": 208.0,
        "max": 417.0,
        "p95": 333.05,
        "p99": 417.0
      },
      "memory": {
        "serialized": 51652,
        "csf_stats": {
          "in_memory_bytes": 51529,
          "solution_bytes": 33632.0,
          "filter_bytes": 10000.0,
          "metadata_bytes": 7897.0,
          "bucket_stats": {
            "num_buckets": 69,
            "total_solution_bits": 266590,
            "avg_solution_bits": 3863.623188405797,
            "min_solution_bits": 3536,
            "max_solution_bits": 4308
          },
          "huffman_stats": {
            "num_unique_symbols": 1662,
            "max_code_length": 16,
            "avg_bits_per_symbol": 15.063176895306858,
            "code_length_distribution": [
              0,
              0,
              2,
              1,
              1,
              2,
              3,
              6,
              9,
              14,
              23,
              35,
              55,
              88,
              114,
              203,
              1106
            ]
          },
          "filter_stats": {
            "type": "bloom",
            "size_bytes": 10000,
            "num_elements": 0,
            "num_hashes": 1,
            "size_bits": 80000,
            "fingerprint_bits": null
          }
        }
      },
      "filter_params": {
        "bloom_bits_per_element": 2,
        "bloom_num_hashes": 1
      },
      "filter_type": "bloom"
    },
    {
      "method": "java_csf",
      "construction_time_s": 0.26817,
      "inference_ns": {
        "mean": 357.0,
        "median": 334.0,
        "std": 88.0,
        "min": 291,
        "max": 1083,
        "p95": 419.0,
        "p99": 630.0
      },
      "memory": {
        "num_bits": 424306,
        "serialized_bytes": 54107
      },
      "filter_params": {
        "codec": "Huffman"
      },
      "filter_type": null
    },
    {
      "method": "java_mph",
      "construction_time_s": 0.515205,
      "inference_ns": {
        "mean": 1371.0,
        "median": 1125.0,
        "std": 1133.0,
        "min": 750,
        "max": 8958,
        "p95": 2617.0,
        "p99": 5906.0
      },
      "memory": {
        "serialized_bytes": 500528
      },
      "filter_params": null,
      "filter_type": null
    },
    {
      "method": "lsf_ours_filtered-huffman_opt",
      "construction_time_s": 30.17365183399656,
      "inference_ns": {
        "mean": 64949
      },
      "memory": {
        "serialized": 60006,
        "bits_per_key": 4.00272,
        "model_bits_per_key": 0.79776
      },
      "filter_params": {
        "competitor": "ours",
        "storage": "Filtered-Huffman_Opt",
        "cross_entropy_bits_per_key": 2.77678
      },
      "filter_type": null
    }
  ]
}