{
  "dataset": {
    "N": 100000,
    "alpha": 0.9,
    "target_alpha": 0.9,
    "minority_dist": "unique",
    "seed": 42
  },
  "results": [
    {
      "method": "hash_table",
      "construction_time_s": 0.007545541004219558,
      "inference_ns": {
        "mean": 622.94,
        "median": 417.0,
        "std": 813.0613853824323,
        "min": 42.0,
        "max": 5667.0,
        "p95": 1467.2999999999995,
        "p99": 4305.750000000007
      },
      "memory": {
        "theoretical": 1188890,
        "tracemalloc": 168
      },
      "filter_params": null,
      "filter_type": null
    },
    {
      "method": "cpp_hash_table",
      "construction_time_s": 0.013143874995876104,
      "inference_ns": {
        "mean": 520.0,
        "median": 541.0,
        "std": 130.1843308543697,
        "min": 208.0,
        "max": 917.0,
        "p95": 709.0,
        "p99": 834.8300000000004
      },
      "memory": {
        "theoretical": 1188890,
        "tracemalloc": 168
      },
      "filter_params": null,
      "filter_type": null
    },
    {
      "method": "csf_filter_optimal_binary_fuse",
      "construction_time_s": 0.03502495800057659,
      "inference_ns": {
        "mean": 207.1,
        "median": 167.0,
        "std": 98.65723490955948,
        "min": 125.0,
        "max": 916.0,
        "p95": 338.14999999999975,
        "p99": 545.7400000000019
      },
      "memory": {
        "serialized": 66940,
        "csf_stats": {
          "in_memory_bytes": 66760,
          "solution_bytes": 21328.0,
          "filter_bytes": 4608.0,
          "metadata_bytes": 40824.0,
          "bucket_stats": {
            "num_buckets": 44,
            "total_solution_bits": 169401,
            "avg_solution_bits": 3850.0227272727275,
            "min_solution_bits": 3320,
            "max_solution_bits": 4289
          },
          "huffman_stats": {
            "num_unique_symbols": 10001,
            "max_code_length": 15,
            "avg_bits_per_symbol": 14.36026397360264,
            "code_length_distribution": [
              0,
              1,
              0,
              0,
              0,
              0,
              0,
              0,
              0,
              0,
              0,
              0,
              0,
              0,
              6384,
              3616
            ]
          },
          "filter_stats": {
            "type": "binary_fuse",
            "size_bytes": 4608,
            "num_elements": 10000,
            "num_hashes": null,
            "size_bits": null,
            "fingerprint_bits": 3
          }
        },
        "tracemalloc": 856
      },
      "filter_params": {
        "fingerprint_bits": 3
      },
      "filter_type": "binary_fuse"
    },
    {
      "method": "csf_filter_shibuya_bloom",
      "construction_time_s": 0.03821400000015274,
      "inference_ns": {
        "mean": 312.39,
        "median": 250.0,
        "std": 119.75824773267183,
        "min": 208.0,
        "max": 1041.0,
        "p95": 541.05,
        "p99": 711.3300000000017
      },
      "memory": {
        "serialized": 68138,
        "csf_stats": {
          "in_memory_bytes": 68009,
          "solution_bytes": 20952.0,
          "filter_bytes": 6250.0,
          "metadata_bytes": 40807.0,
          "bucket_stats": {
            "num_buckets": 43,
            "total_solution_bits": 166138,
            "avg_solution_bits": 3863.6744186046512,
            "min_solution_bits": 3446,
            "max_solution_bits": 4283
          },
          "huffman_stats": {
            "num_unique_symbols": 10001,
            "max_code_length": 15,
            "avg_bits_per_symbol": 14.36026397360264,
            "code_length_distribution": [
              0,
              1,
              0,
              0,
              0,
              0,
              0,
              0,
              0,
              0,
              0,
              0,
              0,
              0,
              6384,
              3616
            ]
          },
          "filter_stats": {
            "type": "bloom",
            "size_bytes": 6250,
            "num_elements": 0,
            "num_hashes": 3,
            "size_bits": 50000,
            "fingerprint_bits": null
          }
        },
        "tracemalloc": 784
      },
      "filter_params": {
        "bloom_bits_per_element": 5,
        "bloom_num_hashes": 3
      },
      "filter_type": "bloom"
    },
    {
      "method": "java_csf",
      "construction_time_s": 0.238073,
      "inference_ns": {
        "mean": 365.0,
        "median": 333.0,
        "std": 159.0,
        "min": 291,
        "max": 1750,
        "p95": 419.0,
        "p99": 884.0
      },
      "memory": {
        "num_bits": 905061,
        "serialized_bytes": 114212
      },
      "filter_params": {
        "codec": "Huffman"
      },
      "filter_type": null
    },
    {
      "method": "java_mph",
      "construction_time_s": 0.485141,
      "inference_ns": {
        "mean": 1383.0,
        "median": 1166.0,
        "std": 995.0,
        "min": 958,
        "max": 8167,
        "p95": 1722.0,
        "p99": 5816.0
      },
      "memory": {
        "serialized_bytes": 687512
      },
      "filter_params": null,
      "filter_type": null
    },
    {
      "method": "lsf_ours_filtered-huffman_opt",
      "construction_time_s": 130.063995,
      "inference_ns": {
        "mean": 614064
      },
      "memory": {
        "serialized": 122845,
        "bits_per_key": 5.02712,
        "model_bits_per_key": 4.80048
      },
      "filter_params": {
        "competitor": "ours",
        "storage": "Filtered-Huffman_Opt",
        "cross_entropy_bits_per_key": 1.875747
      },
      "filter_type": null
    }
  ]
}