{
  "dataset": {
    "N": 100000,
    "alpha": 0.8,
    "target_alpha": 0.8,
    "minority_dist": "zipfian",
    "seed": 42
  },
  "results": [
    {
      "method": "hash_table",
      "construction_time_s": 0.007708416997047607,
      "inference_ns": {
        "mean": 401.23,
        "median": 375.0,
        "std": 177.3462068948755,
        "min": 41.0,
        "max": 1042.0,
        "p95": 708.05,
        "p99": 835.090000000001
      },
      "memory": {
        "theoretical": 1188890,
        "tracemalloc": 168
      },
      "filter_params": null,
      "filter_type": null
    },
    {
      "method": "cpp_hash_table",
      "construction_time_s": 0.01285579199611675,
      "inference_ns": {
        "mean": 511.63,
        "median": 500.0,
        "std": 160.41924167630265,
        "min": 166.0,
        "max": 1250.0,
        "p95": 750.0,
        "p99": 878.7500000000019
      },
      "memory": {
        "theoretical": 1188890,
        "tracemalloc": 168
      },
      "filter_params": null,
      "filter_type": null
    },
    {
      "method": "csf_filter_optimal_binary_fuse",
      "construction_time_s": 0.026520249994064216,
      "inference_ns": {
        "mean": 241.35,
        "median": 209.0,
        "std": 77.5185622931695,
        "min": 166.0,
        "max": 583.0,
        "p95": 375.0,
        "p99": 459.2500000000006
      },
      "memory": {
        "serialized": 29124,
        "csf_stats": {
          "in_memory_bytes": 28944,
          "solution_bytes": 20744.0,
          "filter_bytes": 2976.0,
          "metadata_bytes": 5224.0,
          "bucket_stats": {
            "num_buckets": 60,
            "total_solution_bits": 164242,
            "avg_solution_bits": 2737.366666666667,
            "min_solution_bits": 2418,
            "max_solution_bits": 3006
          },
          "huffman_stats": {
            "num_unique_symbols": 1032,
            "max_code_length": 16,
            "avg_bits_per_symbol": 15.056201550387597,
            "code_length_distribution": [
              0,
              1,
              1,
              0,
              1,
              1,
              2,
              4,
              5,
              8,
              15,
              18,
              40,
              53,
              86,
              99,
              698
            ]
          },
          "filter_stats": {
            "type": "binary_fuse",
            "size_bytes": 2976,
            "num_elements": 20000,
            "num_hashes": null,
            "size_bits": null,
            "fingerprint_bits": 1
          }
        },
        "tracemalloc": 856
      },
      "filter_params": {
        "fingerprint_bits": 1
      },
      "filter_type": "binary_fuse"
    },
    {
      "method": "csf_filter_shibuya_bloom",
      "construction_time_s": 0.02798975000041537,
      "inference_ns": {
        "mean": 277.49,
        "median": 250.0,
        "std": 77.80636156510599,
        "min": 208.0,
        "max": 625.0,
        "p95": 417.0,
        "p99": 583.4200000000002
      },
      "memory": {
        "serialized": 30303,
        "csf_stats": {
          "in_memory_bytes": 30176,
          "solution_bytes": 17792.0,
          "filter_bytes": 7500.0,
          "metadata_bytes": 4884.0,
          "bucket_stats": {
            "num_buckets": 40,
            "total_solution_bits": 141148,
            "avg_solution_bits": 3528.7,
            "min_solution_bits": 3223,
            "max_solution_bits": 3794
          },
          "huffman_stats": {
            "num_unique_symbols": 1032,
            "max_code_length": 16,
            "avg_bits_per_symbol": 15.056201550387597,
            "code_length_distribution": [
              0,
              1,
              1,
              0,
              1,
              1,
              2,
              4,
              5,
              8,
              15,
              18,
              40,
              53,
              86,
              99,
              698
            ]
          },
          "filter_stats": {
            "type": "bloom",
            "size_bytes": 7500,
            "num_elements": 0,
            "num_hashes": 2,
            "size_bits": 60000,
            "fingerprint_bits": null
          }
        },
        "tracemalloc": 784
      },
      "filter_params": {
        "bloom_bits_per_element": 3,
        "bloom_num_hashes": 2
      },
      "filter_type": "bloom"
    },
    {
      "method": "java_csf",
      "construction_time_s": 0.209188,
      "inference_ns": {
        "mean": 389.0,
        "median": 333.0,
        "std": 286.0,
        "min": 291,
        "max": 2875,
        "p95": 421.0,
        "p99": 1638.0
      },
      "memory": {
        "num_bits": 284744,
        "serialized_bytes": 36610
      },
      "filter_params": {
        "codec": "Huffman"
      },
      "filter_type": null
    },
    {
      "method": "java_mph",
      "construction_time_s": 0.433265,
      "inference_ns": {
        "mean": 1244.0,
        "median": 1083.0,
        "std": 781.0,
        "min": 708,
        "max": 6959,
        "p95": 2054.0,
        "p99": 5267.0
      },
      "memory": {
        "serialized_bytes": 614418
      },
      "filter_params": null,
      "filter_type": null
    }
  ]
}