{
  "dataset": {
    "N": 100000,
    "alpha": 0.5,
    "target_alpha": 0.5,
    "minority_dist": "zipfian",
    "seed": 42
  },
  "results": [
    {
      "method": "hash_table",
      "construction_time_s": 0.007334790992899798,
      "inference_ns": {
        "mean": 388.74,
        "median": 375.0,
        "std": 180.1083351763599,
        "min": 41.0,
        "max": 959.0,
        "p95": 712.1999999999998,
        "p99": 958.01
      },
      "memory": {
        "theoretical": 1188890,
        "tracemalloc": 656
      },
      "filter_params": null,
      "filter_type": null
    },
    {
      "method": "cpp_hash_table",
      "construction_time_s": 0.007541665996541269,
      "inference_ns": {
        "mean": 394.1,
        "median": 375.0,
        "std": 96.14109423134313,
        "min": 208.0,
        "max": 791.0,
        "p95": 541.05,
        "p99": 667.2500000000007
      },
      "memory": {
        "theoretical": 1188890
      },
      "filter_params": null,
      "filter_type": null
    },
    {
      "method": "csf_filter_optimal_binary_fuse",
      "construction_time_s": 0.038087542008724995,
      "inference_ns": {
        "mean": 290.36,
        "median": 250.0,
        "std": 101.28588450519649,
        "min": 167.0,
        "max": 1000.0,
        "p95": 418.0999999999999,
        "p99": 546.5800000000023
      },
      "memory": {
        "serialized": 57440,
        "csf_stats": {
          "in_memory_bytes": 57260,
          "solution_bytes": 40928.0,
          "filter_bytes": 7168.0,
          "metadata_bytes": 9164.0,
          "bucket_stats": {
            "num_buckets": 84,
            "total_solution_bits": 324676,
            "avg_solution_bits": 3865.190476190476,
            "min_solution_bits": 3469,
            "max_solution_bits": 4246
          },
          "huffman_stats": {
            "num_unique_symbols": 1915,
            "max_code_length": 16,
            "avg_bits_per_symbol": 15.125848563968669,
            "code_length_distribution": [
              0,
              0,
              2,
              1,
              1,
              2,
              3,
              6,
              9,
              12,
              20,
              33,
              55,
              94,
              183,
              206,
              1288
            ]
          },
          "filter_stats": {
            "type": "binary_fuse",
            "size_bytes": 7168,
            "num_elements": 50000,
            "num_hashes": null,
            "size_bits": null,
            "fingerprint_bits": 1
          }
        }
      },
      "filter_params": {
        "fingerprint_bits": 1
      },
      "filter_type": "binary_fuse"
    },
    {
      "method": "csf_filter_shibuya_bloom",
      "construction_time_s": 0.042180457996437326,
      "inference_ns": {
        "mean": 282.48,
        "median": 250.0,
        "std": 57.58462989374855,
        "min": 208.0,
        "max": 542.0,
        "p95": 375.0,
        "p99": 500.4200000000002
      },
      "memory": {
        "serialized": 61100,
        "csf_stats": {
          "in_memory_bytes": 60973,
          "solution_bytes": 39360.0,
          "filter_bytes": 12500.0,
          "metadata_bytes": 9113.0,
          "bucket_stats": {
            "num_buckets": 81,
            "total_solution_bits": 312442,
            "avg_solution_bits": 3857.3086419753085,
            "min_solution_bits": 3531,
            "max_solution_bits": 4270
          },
          "huffman_stats": {
            "num_unique_symbols": 1915,
            "max_code_length": 16,
            "avg_bits_per_symbol": 15.125848563968669,
            "code_length_distribution": [
              0,
              0,
              2,
              1,
              1,
              2,
              3,
              6,
              9,
              12,
              20,
              33,
              55,
              94,
              183,
              206,
              1288
            ]
          },
          "filter_stats": {
            "type": "bloom",
            "size_bytes": 12500,
            "num_elements": 0,
            "num_hashes": 1,
            "size_bits": 100000,
            "fingerprint_bits": null
          }
        }
      },
      "filter_params": {
        "bloom_bits_per_element": 2,
        "bloom_num_hashes": 1
      },
      "filter_type": "bloom"
    },
    {
      "method": "java_csf",
      "construction_time_s": 0.290838,
      "inference_ns": {
        "mean": 397.0,
        "median": 375.0,
        "std": 133.0,
        "min": 292,
        "max": 1333,
        "p95": 502.0,
        "p99": 1044.0
      },
      "memory": {
        "num_bits": 490323,
        "serialized_bytes": 62395
      },
      "filter_params": {
        "codec": "Huffman"
      },
      "filter_type": null
    },
    {
      "method": "java_mph",
      "construction_time_s": 0.568707,
      "inference_ns": {
        "mean": 1195.0,
        "median": 1000.0,
        "std": 949.0,
        "min": 709,
        "max": 7333,
        "p95": 1839.0,
        "p99": 6137.0
      },
      "memory": {
        "serialized_bytes": 442017
      },
      "filter_params": null,
      "filter_type": null
    },
    {
      "method": "lsf_ourcsf_filtered-huffmancsf_opt",
      "construction_time_s": 0.048278583,
      "inference_ns": {
        "mean": 69.49828
      },
      "memory": {
        "serialized_bytes": 41976,
        "bits_per_key": 3.35808,
        "model_bits_per_key": 0.60224
      },
      "filter_params": {
        "competitor": "ourCSF",
        "storage": "Filtered-HuffmanCSF_Opt",
        "cross_entropy_bits_per_key": null
      },
      "filter_type": null
    },
    {
      "method": "lsf_ours_filtered-huffman_opt",
      "construction_time_s": 32.06419008300496,
      "inference_ns": {
        "mean": 76811
      },
      "memory": {
        "serialized": 72291,
        "bits_per_key": 4.86408,
        "model_bits_per_key": 0.9192
      },
      "filter_params": {
        "competitor": "ours",
        "storage": "Filtered-Huffman_Opt",
        "cross_entropy_bits_per_key": 3.25996
      },
      "filter_type": null
    }
  ]
}