{
  "dataset": {
    "N": 100000,
    "alpha": 0.6,
    "target_alpha": 0.6,
    "minority_dist": "unique",
    "seed": 42
  },
  "results": [
    {
      "method": "hash_table",
      "construction_time_s": 0.008474374997604173,
      "inference_ns": {
        "mean": 546.72,
        "median": 417.0,
        "std": 424.2783774834631,
        "min": 42.0,
        "max": 3625.0,
        "p95": 1250.0,
        "p99": 1439.0800000000113
      },
      "memory": {
        "theoretical": 1188890,
        "tracemalloc": 512
      },
      "filter_params": null,
      "filter_type": null
    },
    {
      "method": "cpp_hash_table",
      "construction_time_s": 0.014076708997890819,
      "inference_ns": {
        "mean": 517.08,
        "median": 541.0,
        "std": 133.56,
        "min": 208.0,
        "max": 1000.0,
        "p95": 711.0499999999998,
        "p99": 835.6600000000009
      },
      "memory": {
        "theoretical": 1188890,
        "tracemalloc": 480
      },
      "filter_params": null,
      "filter_type": null
    },
    {
      "method": "csf_filter_optimal_binary_fuse",
      "construction_time_s": 0.07959324999683304,
      "inference_ns": {
        "mean": 339.08,
        "median": 292.0,
        "std": 130.54958291775583,
        "min": 208.0,
        "max": 750.0,
        "p95": 583.0,
        "p99": 750.0
      },
      "memory": {
        "serialized": 263795,
        "csf_stats": {
          "in_memory_bytes": 263615,
          "solution_bytes": 94392.0,
          "filter_bytes": 5824.0,
          "metadata_bytes": 163399.0,
          "bucket_stats": {
            "num_buckets": 195,
            "total_solution_bits": 748733,
            "avg_solution_bits": 3839.6564102564103,
            "min_solution_bits": 3147,
            "max_solution_bits": 4389
          },
          "huffman_stats": {
            "num_unique_symbols": 40001,
            "max_code_length": 17,
            "avg_bits_per_symbol": 16.36121596960076,
            "code_length_distribution": [
              0,
              1,
              0,
              0,
              0,
              0,
              0,
              0,
              0,
              0,
              0,
              0,
              0,
              0,
              0,
              0,
              25536,
              14464
            ]
          },
          "filter_stats": {
            "type": "binary_fuse",
            "size_bytes": 5824,
            "num_elements": 40000,
            "num_hashes": null,
            "size_bits": null,
            "fingerprint_bits": 1
          }
        },
        "tracemalloc": 1072
      },
      "filter_params": {
        "fingerprint_bits": 1
      },
      "filter_type": "binary_fuse"
    },
    {
      "method": "csf_filter_shibuya_bloom",
      "construction_time_s": 0.07038108300184831,
      "inference_ns": {
        "mean": 354.21,
        "median": 312.5,
        "std": 139.07474932567737,
        "min": 208.0,
        "max": 792.0,
        "p95": 586.0499999999998,
        "p99": 750.4200000000002
      },
      "memory": {
        "serialized": 272692,
        "csf_stats": {
          "in_memory_bytes": 272569,
          "solution_bytes": 89344.0,
          "filter_bytes": 20000.0,
          "metadata_bytes": 163225.0,
          "bucket_stats": {
            "num_buckets": 185,
            "total_solution_bits": 708884,
            "avg_solution_bits": 3831.8054054054055,
            "min_solution_bits": 3260,
            "max_solution_bits": 4383
          },
          "huffman_stats": {
            "num_unique_symbols": 40001,
            "max_code_length": 16,
            "avg_bits_per_symbol": 15.770855728606785,
            "code_length_distribution": [
              0,
              0,
              1,
              0,
              0,
              0,
              0,
              0,
              0,
              0,
              0,
              0,
              0,
              0,
              0,
              9152,
              30848
            ]
          },
          "filter_stats": {
            "type": "bloom",
            "size_bytes": 20000,
            "num_elements": 0,
            "num_hashes": 3,
            "size_bits": 160000,
            "fingerprint_bits": null
          }
        },
        "tracemalloc": 1016
      },
      "filter_params": {
        "bloom_bits_per_element": 4,
        "bloom_num_hashes": 3
      },
      "filter_type": "bloom"
    },
    {
      "method": "java_csf",
      "construction_time_s": 0.518025,
      "inference_ns": {
        "mean": 1320.0,
        "median": 709.0,
        "std": 2782.0,
        "min": 500,
        "max": 24375,
        "p95": 4079.0,
        "p99": 10680.0
      },
      "memory": {
        "num_bits": 3353074,
        "serialized_bytes": 420532
      },
      "filter_params": {
        "codec": "Huffman"
      },
      "filter_type": null
    },
    {
      "method": "java_mph",
      "construction_time_s": 0.526962,
      "inference_ns": {
        "mean": 1439.0,
        "median": 1209.0,
        "std": 924.0,
        "min": 1041,
        "max": 8334,
        "p95": 3000.0,
        "p99": 5528.0
      },
      "memory": {
        "serialized_bytes": 583393
      },
      "filter_params": null,
      "filter_type": null
    },
    {
      "method": "lsf_ourcsf_filtered-huffmancsf_opt",
      "construction_time_s": 0.1234505,
      "inference_ns": {
        "mean": 110.028917
      },
      "memory": {
        "serialized_bytes": 90165,
        "bits_per_key": 7.2132,
        "model_bits_per_key": 12.80032
      },
      "filter_params": {
        "competitor": "ourCSF",
        "storage": "Filtered-HuffmanCSF_Opt",
        "cross_entropy_bits_per_key": null
      },
      "filter_type": null
    },
    {
      "method": "lsf_ours_filtered-huffman_opt",
      "construction_time_s": 785.2240399579974,
      "inference_ns": {
        "mean": 3397002
      },
      "memory": {
        "serialized": 370486,
        "bits_per_key": 10.43848,
        "model_bits_per_key": 19.20048
      },
      "filter_params": {
        "competitor": "ours",
        "storage": "Filtered-Huffman_Opt",
        "cross_entropy_bits_per_key": 7.60437
      },
      "filter_type": null
    }
  ]
}