{
  "dataset": {
    "N": 100000,
    "alpha": 0.5,
    "target_alpha": 0.5,
    "minority_dist": "uniform_100",
    "seed": 42
  },
  "results": [
    {
      "method": "hash_table",
      "construction_time_s": 0.008431791997281834,
      "inference_ns": {
        "mean": 397.91,
        "median": 375.0,
        "std": 186.69012266319822,
        "min": 83.0,
        "max": 1375.0,
        "p95": 711.0499999999998,
        "p99": 880.0000000000025
      },
      "memory": {
        "theoretical": 1188890,
        "tracemalloc": 168
      },
      "filter_params": null,
      "filter_type": null
    },
    {
      "method": "cpp_hash_table",
      "construction_time_s": 0.013958042000012938,
      "inference_ns": {
        "mean": 489.69,
        "median": 500.0,
        "std": 136.83769181040725,
        "min": 167.0,
        "max": 917.0,
        "p95": 750.0,
        "p99": 834.8300000000004
      },
      "memory": {
        "theoretical": 1188890,
        "tracemalloc": 168
      },
      "filter_params": null,
      "filter_type": null
    },
    {
      "method": "csf_filter_optimal_binary_fuse",
      "construction_time_s": 0.043169000004127156,
      "inference_ns": {
        "mean": 238.78,
        "median": 209.0,
        "std": 71.16889489095641,
        "min": 166.0,
        "max": 458.0,
        "p95": 375.0,
        "p99": 417.4100000000002
      },
      "memory": {
        "serialized": 65279,
        "csf_stats": {
          "in_memory_bytes": 65099,
          "solution_bytes": 55528.0,
          "filter_bytes": 7168.0,
          "metadata_bytes": 2403.0,
          "bucket_stats": {
            "num_buckets": 115,
            "total_solution_bits": 440769,
            "avg_solution_bits": 3832.7739130434784,
            "min_solution_bits": 3440,
            "max_solution_bits": 4245
          },
          "huffman_stats": {
            "num_unique_symbols": 101,
            "max_code_length": 8,
            "avg_bits_per_symbol": 7.02970297029703,
            "code_length_distribution": [
              0,
              0,
              1,
              0,
              0,
              0,
              0,
              92,
              8
            ]
          },
          "filter_stats": {
            "type": "binary_fuse",
            "size_bytes": 7168,
            "num_elements": 50000,
            "num_hashes": null,
            "size_bits": null,
            "fingerprint_bits": 1
          }
        },
        "tracemalloc": 856
      },
      "filter_params": {
        "fingerprint_bits": 1
      },
      "filter_type": "binary_fuse"
    },
    {
      "method": "csf_filter_shibuya_bloom",
      "construction_time_s": 0.04187533300137147,
      "inference_ns": {
        "mean": 319.1,
        "median": 333.0,
        "std": 77.00850602368547,
        "min": 208.0,
        "max": 583.0,
        "p95": 458.0,
        "p99": 541.4200000000002
      },
      "memory": {
        "serialized": 69003,
        "csf_stats": {
          "in_memory_bytes": 68876,
          "solution_bytes": 54024.0,
          "filter_bytes": 12500.0,
          "metadata_bytes": 2352.0,
          "bucket_stats": {
            "num_buckets": 112,
            "total_solution_bits": 428673,
            "avg_solution_bits": 3827.4375,
            "min_solution_bits": 3208,
            "max_solution_bits": 4210
          },
          "huffman_stats": {
            "num_unique_symbols": 101,
            "max_code_length": 8,
            "avg_bits_per_symbol": 7.02970297029703,
            "code_length_distribution": [
              0,
              0,
              1,
              0,
              0,
              0,
              0,
              92,
              8
            ]
          },
          "filter_stats": {
            "type": "bloom",
            "size_bytes": 12500,
            "num_elements": 0,
            "num_hashes": 1,
            "size_bits": 100000,
            "fingerprint_bits": null
          }
        },
        "tracemalloc": 784
      },
      "filter_params": {
        "bloom_bits_per_element": 2,
        "bloom_num_hashes": 1
      },
      "filter_type": "bloom"
    },
    {
      "method": "java_csf",
      "construction_time_s": 0.414986,
      "inference_ns": {
        "mean": 346.0,
        "median": 333.0,
        "std": 48.0,
        "min": 291,
        "max": 708,
        "p95": 417.0,
        "p99": 461.0
      },
      "memory": {
        "num_bits": 492020,
        "serialized_bytes": 62715
      },
      "filter_params": {
        "codec": "Huffman"
      },
      "filter_type": null
    },
    {
      "method": "java_mph",
      "construction_time_s": 0.569344,
      "inference_ns": {
        "mean": 1412.0,
        "median": 1167.0,
        "std": 1092.0,
        "min": 708,
        "max": 8792,
        "p95": 2854.0,
        "p99": 6358.0
      },
      "memory": {
        "serialized_bytes": 437496
      },
      "filter_params": null,
      "filter_type": null
    },
    {
      "method": "lsf_burr_burr",
      "construction_time_s": 0.008837208000000001,
      "inference_ns": {
        "mean": 18.608429
      },
      "memory": {
        "serialized_bytes": 88591,
        "bits_per_key": 7.08728,
        "model_bits_per_key": 0
      },
      "filter_params": {
        "competitor": "BuRR",
        "storage": "BuRR",
        "cross_entropy_bits_per_key": null
      },
      "filter_type": null
    },
    {
      "method": "lsf_ourcsf_filtered-huffmancsf_opt",
      "construction_time_s": 0.06875608300000001,
      "inference_ns": {
        "mean": 52.258372
      },
      "memory": {
        "serialized_bytes": 54813,
        "bits_per_key": 4.38504,
        "model_bits_per_key": 0.03232
      },
      "filter_params": {
        "competitor": "ourCSF",
        "storage": "Filtered-HuffmanCSF_Opt",
        "cross_entropy_bits_per_key": null
      },
      "filter_type": null
    },
    {
      "method": "lsf_ours_filtered-huffman_opt",
      "construction_time_s": 1.276218,
      "inference_ns": {
        "mean": 6129
      },
      "memory": {
        "serialized": 55418,
        "bits_per_key": 4.38504,
        "model_bits_per_key": 0.04848
      },
      "filter_params": {
        "competitor": "ours",
        "storage": "Filtered-Huffman_Opt",
        "cross_entropy_bits_per_key": 4.32065
      },
      "filter_type": null
    }
  ]
}