{
  "dataset": {
    "N": 100000,
    "alpha": 0.9,
    "target_alpha": 0.9,
    "minority_dist": "unique",
    "seed": 42
  },
  "results": [
    {
      "method": "hash_table",
      "construction_time_s": 0.007545541004219558,
      "inference_ns": {
        "mean": 622.94,
        "median": 417.0,
        "std": 813.0613853824323,
        "min": 42.0,
        "max": 5667.0,
        "p95": 1467.2999999999995,
        "p99": 4305.750000000007
      },
      "memory": {
        "theoretical": 1188890,
        "tracemalloc": 168
      },
      "filter_params": null,
      "filter_type": null
    },
    {
      "method": "cpp_hash_table",
      "construction_time_s": 0.007730415993137285,
      "inference_ns": {
        "mean": 314.52,
        "median": 292.0,
        "std": 78.02915865239096,
        "min": 167.0,
        "max": 583.0,
        "p95": 458.0,
        "p99": 500.83000000000044
      },
      "memory": {
        "theoretical": 1188890
      },
      "filter_params": null,
      "filter_type": null
    },
    {
      "method": "csf_filter_optimal_binary_fuse",
      "construction_time_s": 0.03149083298922051,
      "inference_ns": {
        "mean": 228.78,
        "median": 208.0,
        "std": 60.77081207290223,
        "min": 166.0,
        "max": 417.0,
        "p95": 375.0,
        "p99": 417.0
      },
      "memory": {
        "serialized": 66948,
        "csf_stats": {
          "in_memory_bytes": 66768,
          "solution_bytes": 21336.0,
          "filter_bytes": 4608.0,
          "metadata_bytes": 40824.0,
          "bucket_stats": {
            "num_buckets": 44,
            "total_solution_bits": 169304,
            "avg_solution_bits": 3847.818181818182,
            "min_solution_bits": 3318,
            "max_solution_bits": 4259
          },
          "huffman_stats": {
            "num_unique_symbols": 10001,
            "max_code_length": 15,
            "avg_bits_per_symbol": 14.36026397360264,
            "code_length_distribution": [
              0,
              1,
              0,
              0,
              0,
              0,
              0,
              0,
              0,
              0,
              0,
              0,
              0,
              0,
              6384,
              3616
            ]
          },
          "filter_stats": {
            "type": "binary_fuse",
            "size_bytes": 4608,
            "num_elements": 10000,
            "num_hashes": null,
            "size_bits": null,
            "fingerprint_bits": 3
          }
        }
      },
      "filter_params": {
        "fingerprint_bits": 3
      },
      "filter_type": "binary_fuse"
    },
    {
      "method": "csf_filter_shibuya_bloom",
      "construction_time_s": 0.03143724999972619,
      "inference_ns": {
        "mean": 264.57,
        "median": 250.0,
        "std": 52.82996403557361,
        "min": 208.0,
        "max": 459.0,
        "p95": 375.0,
        "p99": 458.01
      },
      "memory": {
        "serialized": 68122,
        "csf_stats": {
          "in_memory_bytes": 67993,
          "solution_bytes": 20936.0,
          "filter_bytes": 6250.0,
          "metadata_bytes": 40807.0,
          "bucket_stats": {
            "num_buckets": 43,
            "total_solution_bits": 166111,
            "avg_solution_bits": 3863.046511627907,
            "min_solution_bits": 3285,
            "max_solution_bits": 4263
          },
          "huffman_stats": {
            "num_unique_symbols": 10001,
            "max_code_length": 15,
            "avg_bits_per_symbol": 14.36026397360264,
            "code_length_distribution": [
              0,
              1,
              0,
              0,
              0,
              0,
              0,
              0,
              0,
              0,
              0,
              0,
              0,
              0,
              6384,
              3616
            ]
          },
          "filter_stats": {
            "type": "bloom",
            "size_bytes": 6250,
            "num_elements": 0,
            "num_hashes": 3,
            "size_bits": 50000,
            "fingerprint_bits": null
          }
        }
      },
      "filter_params": {
        "bloom_bits_per_element": 5,
        "bloom_num_hashes": 3
      },
      "filter_type": "bloom"
    },
    {
      "method": "java_csf",
      "construction_time_s": 0.238073,
      "inference_ns": {
        "mean": 365.0,
        "median": 333.0,
        "std": 159.0,
        "min": 291,
        "max": 1750,
        "p95": 419.0,
        "p99": 884.0
      },
      "memory": {
        "num_bits": 905061,
        "serialized_bytes": 114212
      },
      "filter_params": {
        "codec": "Huffman"
      },
      "filter_type": null
    },
    {
      "method": "java_mph",
      "construction_time_s": 0.485141,
      "inference_ns": {
        "mean": 1383.0,
        "median": 1166.0,
        "std": 995.0,
        "min": 958,
        "max": 8167,
        "p95": 1722.0,
        "p99": 5816.0
      },
      "memory": {
        "serialized_bytes": 687512
      },
      "filter_params": null,
      "filter_type": null
    },
    {
      "method": "lsf_ours_filtered-huffman_opt",
      "construction_time_s": 184.074325541,
      "inference_ns": {
        "mean": 601561
      },
      "memory": {
        "serialized": 122845,
        "bits_per_key": 5.02712,
        "model_bits_per_key": 4.80048
      },
      "filter_params": {
        "competitor": "ours",
        "storage": "Filtered-Huffman_Opt",
        "cross_entropy_bits_per_key": 1.875747
      },
      "filter_type": null
    }
  ]
}