{
  "dataset": {
    "N": 100000,
    "alpha": 0.8,
    "target_alpha": 0.8,
    "minority_dist": "unique",
    "seed": 42
  },
  "results": [
    {
      "method": "hash_table",
      "construction_time_s": 0.008132875002047513,
      "inference_ns": {
        "mean": 421.33,
        "median": 417.0,
        "std": 151.27954620503067,
        "min": 42.0,
        "max": 875.0,
        "p95": 666.05,
        "p99": 833.4200000000002
      },
      "memory": {
        "theoretical": 1188890,
        "tracemalloc": 512
      },
      "filter_params": null,
      "filter_type": null
    },
    {
      "method": "cpp_hash_table",
      "construction_time_s": 0.012808041996322572,
      "inference_ns": {
        "mean": 648.73,
        "median": 542.0,
        "std": 292.53009605850815,
        "min": 208.0,
        "max": 1333.0,
        "p95": 1208.0,
        "p99": 1291.4200000000003
      },
      "memory": {
        "theoretical": 1188890,
        "tracemalloc": 480
      },
      "filter_params": null,
      "filter_type": null
    },
    {
      "method": "csf_filter_optimal_binary_fuse",
      "construction_time_s": 0.04728762499871664,
      "inference_ns": {
        "mean": 282.09,
        "median": 250.0,
        "std": 102.71991968454805,
        "min": 167.0,
        "max": 875.0,
        "p95": 419.0999999999999,
        "p99": 586.9100000000014
      },
      "memory": {
        "serialized": 132727,
        "csf_stats": {
          "in_memory_bytes": 132547,
          "solution_bytes": 47808.0,
          "filter_bytes": 2976.0,
          "metadata_bytes": 81763.0,
          "bucket_stats": {
            "num_buckets": 99,
            "total_solution_bits": 379581,
            "avg_solution_bits": 3834.151515151515,
            "min_solution_bits": 3151,
            "max_solution_bits": 4365
          },
          "huffman_stats": {
            "num_unique_symbols": 20001,
            "max_code_length": 16,
            "avg_bits_per_symbol": 15.360881955902205,
            "code_length_distribution": [
              0,
              1,
              0,
              0,
              0,
              0,
              0,
              0,
              0,
              0,
              0,
              0,
              0,
              0,
              0,
              12768,
              7232
            ]
          },
          "filter_stats": {
            "type": "binary_fuse",
            "size_bytes": 2976,
            "num_elements": 20000,
            "num_hashes": null,
            "size_bits": null,
            "fingerprint_bits": 1
          }
        },
        "tracemalloc": 1136
      },
      "filter_params": {
        "fingerprint_bits": 1
      },
      "filter_type": "binary_fuse"
    },
    {
      "method": "csf_filter_shibuya_bloom",
      "construction_time_s": 0.0512742499995511,
      "inference_ns": {
        "mean": 341.17,
        "median": 292.0,
        "std": 126.86047887344584,
        "min": 208.0,
        "max": 791.0,
        "p95": 585.0999999999999,
        "p99": 750.4100000000002
      },
      "memory": {
        "serialized": 136879,
        "csf_stats": {
          "in_memory_bytes": 136752,
          "solution_bytes": 42680.0,
          "filter_bytes": 12500.0,
          "metadata_bytes": 81572.0,
          "bucket_stats": {
            "num_buckets": 88,
            "total_solution_bits": 339018,
            "avg_solution_bits": 3852.4772727272725,
            "min_solution_bits": 3348,
            "max_solution_bits": 4375
          },
          "huffman_stats": {
            "num_unique_symbols": 20001,
            "max_code_length": 15,
            "avg_bits_per_symbol": 14.770561471926404,
            "code_length_distribution": [
              0,
              0,
              1,
              0,
              0,
              0,
              0,
              0,
              0,
              0,
              0,
              0,
              0,
              0,
              4576,
              15424
            ]
          },
          "filter_stats": {
            "type": "bloom",
            "size_bytes": 12500,
            "num_elements": 0,
            "num_hashes": 3,
            "size_bits": 100000,
            "fingerprint_bits": null
          }
        },
        "tracemalloc": 1016
      },
      "filter_params": {
        "bloom_bits_per_element": 5,
        "bloom_num_hashes": 3
      },
      "filter_type": "bloom"
    },
    {
      "method": "java_csf",
      "construction_time_s": 0.338708,
      "inference_ns": {
        "mean": 377.0,
        "median": 375.0,
        "std": 100.0,
        "min": 333,
        "max": 1125,
        "p95": 458.0,
        "p99": 918.0
      },
      "memory": {
        "num_bits": 1713779,
        "serialized_bytes": 215402
      },
      "filter_params": {
        "codec": "Huffman"
      },
      "filter_type": null
    },
    {
      "method": "java_mph",
      "construction_time_s": 0.486875,
      "inference_ns": {
        "mean": 1236.0,
        "median": 1000.0,
        "std": 816.0,
        "min": 792,
        "max": 6750,
        "p95": 2394.0,
        "p99": 4770.0
      },
      "memory": {
        "serialized_bytes": 652801
      },
      "filter_params": null,
      "filter_type": null
    },
    {
      "method": "lsf_ourcsf_filtered-huffmancsf_opt",
      "construction_time_s": 0.073737375,
      "inference_ns": {
        "mean": 77.883968
      },
      "memory": {
        "serialized_bytes": 51544,
        "bits_per_key": 4.12352,
        "model_bits_per_key": 6.40032
      },
      "filter_params": {
        "competitor": "ourCSF",
        "storage": "Filtered-HuffmanCSF_Opt",
        "cross_entropy_bits_per_key": null
      },
      "filter_type": null
    },
    {
      "method": "lsf_ours_filtered-huffman_opt",
      "construction_time_s": 296.235862,
      "inference_ns": {
        "mean": 1485353
      },
      "memory": {
        "serialized": 206785,
        "bits_per_key": 6.94232,
        "model_bits_per_key": 9.60048
      },
      "filter_params": {
        "competitor": "ours",
        "storage": "Filtered-Huffman_Opt",
        "cross_entropy_bits_per_key": 3.793468
      },
      "filter_type": null
    }
  ]
}