{
  "dataset": {
    "N": 100000,
    "alpha": 0.8,
    "target_alpha": 0.8,
    "minority_dist": "uniform_100",
    "seed": 42
  },
  "results": [
    {
      "method": "hash_table",
      "construction_time_s": 0.0068868750022375025,
      "inference_ns": {
        "mean": 405.0,
        "median": 375.0,
        "std": 176.07805087517298,
        "min": 41.0,
        "max": 917.0,
        "p95": 752.0999999999999,
        "p99": 834.8300000000004
      },
      "memory": {
        "theoretical": 1188890,
        "tracemalloc": 168
      },
      "filter_params": null,
      "filter_type": null
    },
    {
      "method": "cpp_hash_table",
      "construction_time_s": 0.011673624998365995,
      "inference_ns": {
        "mean": 481.67,
        "median": 500.0,
        "std": 127.04660995083653,
        "min": 166.0,
        "max": 1000.0,
        "p95": 667.0,
        "p99": 670.3300000000017
      },
      "memory": {
        "theoretical": 1188890,
        "tracemalloc": 168
      },
      "filter_params": null,
      "filter_type": null
    },
    {
      "method": "csf_filter_optimal_binary_fuse",
      "construction_time_s": 0.029368791001616046,
      "inference_ns": {
        "mean": 270.94,
        "median": 209.0,
        "std": 277.26701282337933,
        "min": 166.0,
        "max": 2875.0,
        "p95": 458.05,
        "p99": 729.6700000000111
      },
      "memory": {
        "serialized": 31312,
        "csf_stats": {
          "in_memory_bytes": 31132,
          "solution_bytes": 26688.0,
          "filter_bytes": 2976.0,
          "metadata_bytes": 1468.0,
          "bucket_stats": {
            "num_buckets": 60,
            "total_solution_bits": 211673,
            "avg_solution_bits": 3527.883333333333,
            "min_solution_bits": 3074,
            "max_solution_bits": 3892
          },
          "huffman_stats": {
            "num_unique_symbols": 101,
            "max_code_length": 8,
            "avg_bits_per_symbol": 7.653465346534653,
            "code_length_distribution": [
              0,
              1,
              0,
              0,
              0,
              0,
              0,
              28,
              72
            ]
          },
          "filter_stats": {
            "type": "binary_fuse",
            "size_bytes": 2976,
            "num_elements": 20000,
            "num_hashes": null,
            "size_bits": null,
            "fingerprint_bits": 1
          }
        },
        "tracemalloc": 856
      },
      "filter_params": {
        "fingerprint_bits": 1
      },
      "filter_type": "binary_fuse"
    },
    {
      "method": "csf_filter_shibuya_bloom",
      "construction_time_s": 0.027682667001499794,
      "inference_ns": {
        "mean": 296.32,
        "median": 250.0,
        "std": 303.632701796101,
        "min": 208.0,
        "max": 3208.0,
        "p95": 459.0,
        "p99": 609.2500000000134
      },
      "memory": {
        "serialized": 34090,
        "csf_stats": {
          "in_memory_bytes": 33967,
          "solution_bytes": 22720.0,
          "filter_bytes": 10000.0,
          "metadata_bytes": 1247.0,
          "bucket_stats": {
            "num_buckets": 47,
            "total_solution_bits": 180046,
            "avg_solution_bits": 3830.7659574468084,
            "min_solution_bits": 3587,
            "max_solution_bits": 4172
          },
          "huffman_stats": {
            "num_unique_symbols": 101,
            "max_code_length": 8,
            "avg_bits_per_symbol": 7.02970297029703,
            "code_length_distribution": [
              0,
              0,
              1,
              0,
              0,
              0,
              0,
              92,
              8
            ]
          },
          "filter_stats": {
            "type": "bloom",
            "size_bytes": 10000,
            "num_elements": 0,
            "num_hashes": 3,
            "size_bits": 80000,
            "fingerprint_bits": null
          }
        },
        "tracemalloc": 784
      },
      "filter_params": {
        "bloom_bits_per_element": 4,
        "bloom_num_hashes": 3
      },
      "filter_type": "bloom"
    },
    {
      "method": "java_csf",
      "construction_time_s": 0.179606,
      "inference_ns": {
        "mean": 330.0,
        "median": 333.0,
        "std": 94.0,
        "min": 291,
        "max": 1208,
        "p95": 375.0,
        "p99": 466.0
      },
      "memory": {
        "num_bits": 271087,
        "serialized_bytes": 34964
      },
      "filter_params": {
        "codec": "Huffman"
      },
      "filter_type": null
    },
    {
      "method": "java_mph",
      "construction_time_s": 0.42013,
      "inference_ns": {
        "mean": 1102.0,
        "median": 959.0,
        "std": 742.0,
        "min": 667,
        "max": 7625,
        "p95": 1739.0,
        "p99": 2799.0
      },
      "memory": {
        "serialized_bytes": 612592
      },
      "filter_params": null,
      "filter_type": null
    }
  ]
}