{
  "dataset": {
    "N": 100000,
    "alpha": 0.8,
    "target_alpha": 0.8,
    "minority_dist": "zipfian",
    "seed": 42
  },
  "results": [
    {
      "method": "hash_table",
      "construction_time_s": 0.006887499999720603,
      "inference_ns": {
        "mean": 561.69,
        "median": 417.0,
        "std": 327.1701910321293,
        "min": 41.0,
        "max": 2042.0,
        "p95": 1131.2499999999995,
        "p99": 1629.1700000000021
      },
      "memory": {
        "theoretical": 1188890,
        "tracemalloc": 656
      },
      "filter_params": null,
      "filter_type": null
    },
    {
      "method": "cpp_hash_table",
      "construction_time_s": 0.012489582994021475,
      "inference_ns": {
        "mean": 629.93,
        "median": 542.0,
        "std": 269.11173348629745,
        "min": 166.0,
        "max": 1292.0,
        "p95": 1125.0,
        "p99": 1168.2500000000007
      },
      "memory": {
        "theoretical": 1188890,
        "tracemalloc": 624
      },
      "filter_params": null,
      "filter_type": null
    },
    {
      "method": "csf_filter_optimal_binary_fuse",
      "construction_time_s": 0.02279708300193306,
      "inference_ns": {
        "mean": 238.86,
        "median": 209.0,
        "std": 88.88892169443838,
        "min": 166.0,
        "max": 625.0,
        "p95": 418.0999999999999,
        "p99": 583.4200000000002
      },
      "memory": {
        "serialized": 29100,
        "csf_stats": {
          "in_memory_bytes": 28920,
          "solution_bytes": 20720.0,
          "filter_bytes": 2976.0,
          "metadata_bytes": 5224.0,
          "bucket_stats": {
            "num_buckets": 60,
            "total_solution_bits": 164103,
            "avg_solution_bits": 2735.05,
            "min_solution_bits": 2417,
            "max_solution_bits": 2999
          },
          "huffman_stats": {
            "num_unique_symbols": 1032,
            "max_code_length": 16,
            "avg_bits_per_symbol": 15.056201550387597,
            "code_length_distribution": [
              0,
              1,
              1,
              0,
              1,
              1,
              2,
              4,
              5,
              8,
              15,
              18,
              40,
              53,
              86,
              99,
              698
            ]
          },
          "filter_stats": {
            "type": "binary_fuse",
            "size_bytes": 2976,
            "num_elements": 20000,
            "num_hashes": null,
            "size_bits": null,
            "fingerprint_bits": 1
          }
        },
        "tracemalloc": 1280
      },
      "filter_params": {
        "fingerprint_bits": 1
      },
      "filter_type": "binary_fuse"
    },
    {
      "method": "csf_filter_shibuya_bloom",
      "construction_time_s": 0.027190500004508067,
      "inference_ns": {
        "mean": 247.12,
        "median": 209.0,
        "std": 67.99959999882351,
        "min": 167.0,
        "max": 500.0,
        "p95": 377.0499999999999,
        "p99": 459.4100000000002
      },
      "memory": {
        "serialized": 30303,
        "csf_stats": {
          "in_memory_bytes": 30176,
          "solution_bytes": 17792.0,
          "filter_bytes": 7500.0,
          "metadata_bytes": 4884.0,
          "bucket_stats": {
            "num_buckets": 40,
            "total_solution_bits": 141148,
            "avg_solution_bits": 3528.7,
            "min_solution_bits": 3223,
            "max_solution_bits": 3794
          },
          "huffman_stats": {
            "num_unique_symbols": 1032,
            "max_code_length": 16,
            "avg_bits_per_symbol": 15.056201550387597,
            "code_length_distribution": [
              0,
              1,
              1,
              0,
              1,
              1,
              2,
              4,
              5,
              8,
              15,
              18,
              40,
              53,
              86,
              99,
              698
            ]
          },
          "filter_stats": {
            "type": "bloom",
            "size_bytes": 7500,
            "num_elements": 0,
            "num_hashes": 2,
            "size_bits": 60000,
            "fingerprint_bits": null
          }
        },
        "tracemalloc": 1160
      },
      "filter_params": {
        "bloom_bits_per_element": 3,
        "bloom_num_hashes": 2
      },
      "filter_type": "bloom"
    },
    {
      "method": "java_csf",
      "construction_time_s": 0.185269,
      "inference_ns": {
        "mean": 355.0,
        "median": 333.0,
        "std": 129.0,
        "min": 291,
        "max": 1583,
        "p95": 417.0,
        "p99": 511.0
      },
      "memory": {
        "num_bits": 284742,
        "serialized_bytes": 36610
      },
      "filter_params": {
        "codec": "Huffman"
      },
      "filter_type": null
    },
    {
      "method": "java_mph",
      "construction_time_s": 0.489825,
      "inference_ns": {
        "mean": 1344.0,
        "median": 1063.0,
        "std": 1302.0,
        "min": 666,
        "max": 12125,
        "p95": 2340.0,
        "p99": 7092.0
      },
      "memory": {
        "serialized_bytes": 614418
      },
      "filter_params": null,
      "filter_type": null
    },
    {
      "method": "lsf_ourcsf_filtered-huffmancsf_opt",
      "construction_time_s": 0.044561833999999995,
      "inference_ns": {
        "mean": 60.763225
      },
      "memory": {
        "serialized_bytes": 26688,
        "bits_per_key": 2.13504,
        "model_bits_per_key": 0.33024
      },
      "filter_params": {
        "competitor": "ourCSF",
        "storage": "Filtered-HuffmanCSF_Opt",
        "cross_entropy_bits_per_key": null
      },
      "filter_type": null
    },
    {
      "method": "lsf_ours_filtered-huffman_opt",
      "construction_time_s": 7.631875,
      "inference_ns": {
        "mean": 38181
      },
      "memory": {
        "serialized": 36093,
        "bits_per_key": 2.38776,
        "model_bits_per_key": 0.49968
      },
      "filter_params": {
        "competitor": "ours",
        "storage": "Filtered-Huffman_Opt",
        "cross_entropy_bits_per_key": 1.619764
      },
      "filter_type": null
    }
  ]
}