{
  "dataset": {
    "N": 100000,
    "alpha": 0.95,
    "target_alpha": 0.95,
    "minority_dist": "zipfian",
    "seed": 42
  },
  "results": [
    {
      "method": "hash_table",
      "construction_time_s": 0.008832040999550372,
      "inference_ns": {
        "mean": 436.3,
        "median": 417.0,
        "std": 176.15053221605663,
        "min": 83.0,
        "max": 1167.0,
        "p95": 669.0499999999998,
        "p99": 877.9200000000014
      },
      "memory": {
        "theoretical": 1188890,
        "tracemalloc": 168
      },
      "filter_params": null,
      "filter_type": null
    },
    {
      "method": "cpp_hash_table",
      "construction_time_s": 0.006934749995707534,
      "inference_ns": {
        "mean": 383.39,
        "median": 375.0,
        "std": 87.31058297823924,
        "min": 208.0,
        "max": 625.0,
        "p95": 502.0499999999999,
        "p99": 542.8300000000004
      },
      "memory": {
        "theoretical": 1188890
      },
      "filter_params": null,
      "filter_type": null
    },
    {
      "method": "csf_filter_optimal_binary_fuse",
      "construction_time_s": 0.00667154100665357,
      "inference_ns": {
        "mean": 80.02,
        "median": 83.0,
        "std": 27.38685085949095,
        "min": 41.0,
        "max": 208.0,
        "p95": 125.0,
        "p99": 125.83000000000042
      },
      "memory": {
        "serialized": 9692,
        "csf_stats": {
          "in_memory_bytes": 9512,
          "solution_bytes": 4528.0,
          "filter_bytes": 3136.0,
          "metadata_bytes": 1848.0,
          "bucket_stats": {
            "num_buckets": 12,
            "total_solution_bits": 35830,
            "avg_solution_bits": 2985.8333333333335,
            "min_solution_bits": 2733,
            "max_solution_bits": 3165
          },
          "huffman_stats": {
            "num_unique_symbols": 394,
            "max_code_length": 14,
            "avg_bits_per_symbol": 12.98477157360406,
            "code_length_distribution": [
              0,
              1,
              1,
              0,
              1,
              1,
              2,
              4,
              6,
              8,
              15,
              24,
              29,
              46,
              256
            ]
          },
          "filter_stats": {
            "type": "binary_fuse",
            "size_bytes": 3136,
            "num_elements": 5000,
            "num_hashes": null,
            "size_bits": null,
            "fingerprint_bits": 4
          }
        }
      },
      "filter_params": {
        "fingerprint_bits": 4
      },
      "filter_type": "binary_fuse"
    },
    {
      "method": "csf_filter_shibuya_bloom",
      "construction_time_s": 0.00767829199321568,
      "inference_ns": {
        "mean": 91.9,
        "median": 84.0,
        "std": 34.30874524082745,
        "min": 41.0,
        "max": 209.0,
        "p95": 167.0,
        "p99": 167.42000000000021
      },
      "memory": {
        "serialized": 10114,
        "csf_stats": {
          "in_memory_bytes": 9989,
          "solution_bytes": 4408.0,
          "filter_bytes": 3750.0,
          "metadata_bytes": 1831.0,
          "bucket_stats": {
            "num_buckets": 11,
            "total_solution_bits": 34917,
            "avg_solution_bits": 3174.2727272727275,
            "min_solution_bits": 2877,
            "max_solution_bits": 3372
          },
          "huffman_stats": {
            "num_unique_symbols": 394,
            "max_code_length": 14,
            "avg_bits_per_symbol": 12.98477157360406,
            "code_length_distribution": [
              0,
              1,
              1,
              0,
              1,
              1,
              2,
              4,
              6,
              8,
              15,
              24,
              29,
              46,
              256
            ]
          },
          "filter_stats": {
            "type": "bloom",
            "size_bytes": 3750,
            "num_elements": 0,
            "num_hashes": 4,
            "size_bits": 30000,
            "fingerprint_bits": null
          }
        }
      },
      "filter_params": {
        "bloom_bits_per_element": 6,
        "bloom_num_hashes": 4
      },
      "filter_type": "bloom"
    },
    {
      "method": "java_csf",
      "construction_time_s": 0.16914,
      "inference_ns": {
        "mean": 333.0,
        "median": 333.0,
        "std": 41.0,
        "min": 291,
        "max": 541,
        "p95": 375.0,
        "p99": 500.0
      },
      "memory": {
        "num_bits": 171531,
        "serialized_bytes": 22419
      },
      "filter_params": {
        "codec": "Huffman"
      },
      "filter_type": null
    },
    {
      "method": "java_mph",
      "construction_time_s": 0.470178,
      "inference_ns": {
        "mean": 1323.0,
        "median": 1167.0,
        "std": 728.0,
        "min": 833,
        "max": 6667,
        "p95": 1634.0,
        "p99": 4935.0
      },
      "memory": {
        "serialized_bytes": 699834
      },
      "filter_params": null,
      "filter_type": null
    },
    {
      "method": "lsf_ours_filtered-huffman_opt",
      "construction_time_s": 13.284231165990832,
      "inference_ns": {
        "mean": 13530
      },
      "memory": {
        "serialized": 19890,
        "bits_per_key": 1.40208,
        "model_bits_per_key": 0.18912
      },
      "filter_params": {
        "competitor": "ours",
        "storage": "Filtered-Huffman_Opt",
        "cross_entropy_bits_per_key": 0.50474
      },
      "filter_type": null
    }
  ]
}