{
  "dataset": {
    "N": 100000,
    "alpha": 0.8,
    "target_alpha": 0.8,
    "minority_dist": "zipfian",
    "seed": 42
  },
  "results": [
    {
      "method": "hash_table",
      "construction_time_s": 0.006887499999720603,
      "inference_ns": {
        "mean": 561.69,
        "median": 417.0,
        "std": 327.1701910321293,
        "min": 41.0,
        "max": 2042.0,
        "p95": 1131.2499999999995,
        "p99": 1629.1700000000021
      },
      "memory": {
        "theoretical": 1188890,
        "tracemalloc": 656
      },
      "filter_params": null,
      "filter_type": null
    },
    {
      "method": "cpp_hash_table",
      "construction_time_s": 0.006785499994293787,
      "inference_ns": {
        "mean": 331.17,
        "median": 333.0,
        "std": 97.43542015099027,
        "min": 208.0,
        "max": 708.0,
        "p95": 500.0,
        "p99": 625.8300000000004
      },
      "memory": {
        "theoretical": 1188890
      },
      "filter_params": null,
      "filter_type": null
    },
    {
      "method": "csf_filter_optimal_binary_fuse",
      "construction_time_s": 0.012104624998755753,
      "inference_ns": {
        "mean": 107.07,
        "median": 84.0,
        "std": 40.89162628216199,
        "min": 41.0,
        "max": 292.0,
        "p95": 166.05,
        "p99": 291.01
      },
      "memory": {
        "serialized": 29184,
        "csf_stats": {
          "in_memory_bytes": 29004,
          "solution_bytes": 20768.0,
          "filter_bytes": 2976.0,
          "metadata_bytes": 5260.0,
          "bucket_stats": {
            "num_buckets": 60,
            "total_solution_bits": 164241,
            "avg_solution_bits": 2737.35,
            "min_solution_bits": 2448,
            "max_solution_bits": 3079
          },
          "huffman_stats": {
            "num_unique_symbols": 1041,
            "max_code_length": 16,
            "avg_bits_per_symbol": 15.075888568683958,
            "code_length_distribution": [
              0,
              1,
              1,
              0,
              1,
              1,
              3,
              2,
              6,
              7,
              11,
              25,
              29,
              64,
              76,
              114,
              700
            ]
          },
          "filter_stats": {
            "type": "binary_fuse",
            "size_bytes": 2976,
            "num_elements": 20000,
            "num_hashes": null,
            "size_bits": null,
            "fingerprint_bits": 1
          }
        }
      },
      "filter_params": {
        "fingerprint_bits": 1
      },
      "filter_type": "binary_fuse"
    },
    {
      "method": "csf_filter_shibuya_bloom",
      "construction_time_s": 0.013363083999138325,
      "inference_ns": {
        "mean": 166.19,
        "median": 125.0,
        "std": 95.46399268834297,
        "min": 83.0,
        "max": 458.0,
        "p95": 333.0,
        "p99": 375.83000000000044
      },
      "memory": {
        "serialized": 30371,
        "csf_stats": {
          "in_memory_bytes": 30244,
          "solution_bytes": 17824.0,
          "filter_bytes": 7500.0,
          "metadata_bytes": 4920.0,
          "bucket_stats": {
            "num_buckets": 40,
            "total_solution_bits": 141247,
            "avg_solution_bits": 3531.175,
            "min_solution_bits": 3181,
            "max_solution_bits": 3924
          },
          "huffman_stats": {
            "num_unique_symbols": 1041,
            "max_code_length": 16,
            "avg_bits_per_symbol": 15.075888568683958,
            "code_length_distribution": [
              0,
              1,
              1,
              0,
              1,
              1,
              3,
              2,
              6,
              7,
              11,
              25,
              29,
              64,
              76,
              114,
              700
            ]
          },
          "filter_stats": {
            "type": "bloom",
            "size_bytes": 7500,
            "num_elements": 0,
            "num_hashes": 2,
            "size_bits": 60000,
            "fingerprint_bits": null
          }
        }
      },
      "filter_params": {
        "bloom_bits_per_element": 3,
        "bloom_num_hashes": 2
      },
      "filter_type": "bloom"
    },
    {
      "method": "java_csf",
      "construction_time_s": 0.185269,
      "inference_ns": {
        "mean": 355.0,
        "median": 333.0,
        "std": 129.0,
        "min": 291,
        "max": 1583,
        "p95": 417.0,
        "p99": 511.0
      },
      "memory": {
        "num_bits": 284742,
        "serialized_bytes": 36610
      },
      "filter_params": {
        "codec": "Huffman"
      },
      "filter_type": null
    },
    {
      "method": "java_mph",
      "construction_time_s": 0.489825,
      "inference_ns": {
        "mean": 1344.0,
        "median": 1063.0,
        "std": 1302.0,
        "min": 666,
        "max": 12125,
        "p95": 2340.0,
        "p99": 7092.0
      },
      "memory": {
        "serialized_bytes": 614418
      },
      "filter_params": null,
      "filter_type": null
    },
    {
      "method": "lsf_ourcsf_filtered-huffmancsf_opt",
      "construction_time_s": 0.044561833999999995,
      "inference_ns": {
        "mean": 60.763225
      },
      "memory": {
        "serialized_bytes": 26688,
        "bits_per_key": 2.13504,
        "model_bits_per_key": 0.33024
      },
      "filter_params": {
        "competitor": "ourCSF",
        "storage": "Filtered-HuffmanCSF_Opt",
        "cross_entropy_bits_per_key": null
      },
      "filter_type": null
    },
    {
      "method": "lsf_ours_filtered-huffman_opt",
      "construction_time_s": 22.474050083005373,
      "inference_ns": {
        "mean": 39387
      },
      "memory": {
        "serialized": 36093,
        "bits_per_key": 2.38776,
        "model_bits_per_key": 0.49968
      },
      "filter_params": {
        "competitor": "ours",
        "storage": "Filtered-Huffman_Opt",
        "cross_entropy_bits_per_key": 1.619764
      },
      "filter_type": null
    }
  ]
}