{
  "dataset": {
    "N": 100000,
    "alpha": 0.95,
    "target_alpha": 0.95,
    "minority_dist": "zipfian",
    "seed": 42
  },
  "results": [
    {
      "method": "hash_table",
      "construction_time_s": 0.007217874997877516,
      "inference_ns": {
        "mean": 397.47,
        "median": 375.0,
        "std": 178.94666551796934,
        "min": 41.0,
        "max": 1000.0,
        "p95": 711.0499999999998,
        "p99": 876.2500000000007
      },
      "memory": {
        "theoretical": 1188890,
        "tracemalloc": 168
      },
      "filter_params": null,
      "filter_type": null
    },
    {
      "method": "cpp_hash_table",
      "construction_time_s": 0.011353583002346568,
      "inference_ns": {
        "mean": 470.46,
        "median": 459.0,
        "std": 133.414198644672,
        "min": 166.0,
        "max": 958.0,
        "p95": 667.0,
        "p99": 752.0800000000011
      },
      "memory": {
        "theoretical": 1188890,
        "tracemalloc": 168
      },
      "filter_params": null,
      "filter_type": null
    },
    {
      "method": "csf_filter_optimal_binary_fuse",
      "construction_time_s": 0.014886208999087103,
      "inference_ns": {
        "mean": 179.19,
        "median": 167.0,
        "std": 45.1020387565795,
        "min": 125.0,
        "max": 459.0,
        "p95": 252.0499999999999,
        "p99": 375.84000000000043
      },
      "memory": {
        "serialized": 9859,
        "csf_stats": {
          "in_memory_bytes": 9679,
          "solution_bytes": 4552.0,
          "filter_bytes": 3136.0,
          "metadata_bytes": 1991.0,
          "bucket_stats": {
            "num_buckets": 11,
            "total_solution_bits": 35980,
            "avg_solution_bits": 3270.909090909091,
            "min_solution_bits": 2967,
            "max_solution_bits": 3721
          },
          "huffman_stats": {
            "num_unique_symbols": 434,
            "max_code_length": 14,
            "avg_bits_per_symbol": 13.110599078341014,
            "code_length_distribution": [
              0,
              1,
              1,
              0,
              1,
              1,
              2,
              4,
              5,
              11,
              11,
              25,
              22,
              50,
              300
            ]
          },
          "filter_stats": {
            "type": "binary_fuse",
            "size_bytes": 3136,
            "num_elements": 5000,
            "num_hashes": null,
            "size_bits": null,
            "fingerprint_bits": 4
          }
        },
        "tracemalloc": 856
      },
      "filter_params": {
        "fingerprint_bits": 4
      },
      "filter_type": "binary_fuse"
    },
    {
      "method": "csf_filter_shibuya_bloom",
      "construction_time_s": 0.01858583300054306,
      "inference_ns": {
        "mean": 230.07,
        "median": 209.0,
        "std": 55.12535804872382,
        "min": 167.0,
        "max": 542.0,
        "p95": 333.05,
        "p99": 500.4200000000002
      },
      "memory": {
        "serialized": 10346,
        "csf_stats": {
          "in_memory_bytes": 10221,
          "solution_bytes": 4480.0,
          "filter_bytes": 3750.0,
          "metadata_bytes": 1991.0,
          "bucket_stats": {
            "num_buckets": 11,
            "total_solution_bits": 35605,
            "avg_solution_bits": 3236.818181818182,
            "min_solution_bits": 2940,
            "max_solution_bits": 3675
          },
          "huffman_stats": {
            "num_unique_symbols": 434,
            "max_code_length": 14,
            "avg_bits_per_symbol": 13.110599078341014,
            "code_length_distribution": [
              0,
              1,
              1,
              0,
              1,
              1,
              2,
              4,
              5,
              11,
              11,
              25,
              22,
              50,
              300
            ]
          },
          "filter_stats": {
            "type": "bloom",
            "size_bytes": 3750,
            "num_elements": 0,
            "num_hashes": 4,
            "size_bits": 30000,
            "fingerprint_bits": null
          }
        },
        "tracemalloc": 784
      },
      "filter_params": {
        "bloom_bits_per_element": 6,
        "bloom_num_hashes": 4
      },
      "filter_type": "bloom"
    },
    {
      "method": "java_csf",
      "construction_time_s": 0.14983,
      "inference_ns": {
        "mean": 288.0,
        "median": 291.0,
        "std": 63.0,
        "min": 250,
        "max": 833,
        "p95": 336.0,
        "p99": 421.0
      },
      "memory": {
        "num_bits": 171534,
        "serialized_bytes": 22419
      },
      "filter_params": {
        "codec": "Huffman"
      },
      "filter_type": null
    },
    {
      "method": "java_mph",
      "construction_time_s": 0.443314,
      "inference_ns": {
        "mean": 1692.0,
        "median": 1479.0,
        "std": 1251.0,
        "min": 875,
        "max": 10167,
        "p95": 2766.0,
        "p99": 7692.0
      },
      "memory": {
        "serialized_bytes": 699834
      },
      "filter_params": null,
      "filter_type": null
    }
  ]
}