{
  "dataset": {
    "N": 100000,
    "alpha": 0.7,
    "target_alpha": 0.7,
    "minority_dist": "zipfian",
    "seed": 42
  },
  "results": [
    {
      "method": "hash_table",
      "construction_time_s": 0.007527707988629118,
      "inference_ns": {
        "mean": 212.87,
        "median": 208.0,
        "std": 90.460118836977,
        "min": 83.0,
        "max": 625.0,
        "p95": 375.0,
        "p99": 459.67000000000087
      },
      "memory": {
        "theoretical": 1188890
      },
      "filter_params": null,
      "filter_type": null
    },
    {
      "method": "cpp_hash_table",
      "construction_time_s": 0.012592999999469612,
      "inference_ns": {
        "mean": 991.33,
        "median": 688.0,
        "std": 867.3901435340384,
        "min": 208.0,
        "max": 5958.0,
        "p95": 2044.05,
        "p99": 5009.5800000000045
      },
      "memory": {
        "theoretical": 1188890,
        "tracemalloc": 168
      },
      "filter_params": null,
      "filter_type": null
    },
    {
      "method": "csf_filter_optimal_binary_fuse",
      "construction_time_s": 0.0300896249973448,
      "inference_ns": {
        "mean": 216.21,
        "median": 208.0,
        "std": 41.518741551256106,
        "min": 125.0,
        "max": 500.0,
        "p95": 250.0,
        "p99": 334.67000000000087
      },
      "memory": {
        "serialized": 38993,
        "csf_stats": {
          "in_memory_bytes": 38813,
          "solution_bytes": 27712.0,
          "filter_bytes": 4416.0,
          "metadata_bytes": 6685.0,
          "bucket_stats": {
            "num_buckets": 65,
            "total_solution_bits": 219832,
            "avg_solution_bits": 3382.0307692307692,
            "min_solution_bits": 2951,
            "max_solution_bits": 3816
          },
          "huffman_stats": {
            "num_unique_symbols": 1376,
            "max_code_length": 16,
            "avg_bits_per_symbol": 15.219476744186046,
            "code_length_distribution": [
              0,
              1,
              1,
              0,
              1,
              1,
              2,
              3,
              5,
              9,
              13,
              22,
              33,
              61,
              79,
              211,
              934
            ]
          },
          "filter_stats": {
            "type": "binary_fuse",
            "size_bytes": 4416,
            "num_elements": 30000,
            "num_hashes": null,
            "size_bits": null,
            "fingerprint_bits": 1
          }
        }
      },
      "filter_params": {
        "fingerprint_bits": 1
      },
      "filter_type": "binary_fuse"
    },
    {
      "method": "csf_filter_shibuya_bloom",
      "construction_time_s": 0.03532620800251607,
      "inference_ns": {
        "mean": 288.72,
        "median": 250.0,
        "std": 277.4135209394091,
        "min": 166.0,
        "max": 2959.0,
        "p95": 417.0,
        "p99": 565.1800000000123
      },
      "memory": {
        "serialized": 42682,
        "csf_stats": {
          "in_memory_bytes": 42553,
          "solution_bytes": 24936.0,
          "filter_bytes": 11250.0,
          "metadata_bytes": 6367.0,
          "bucket_stats": {
            "num_buckets": 51,
            "total_solution_bits": 197921,
            "avg_solution_bits": 3880.8039215686276,
            "min_solution_bits": 3446,
            "max_solution_bits": 4171
          },
          "huffman_stats": {
            "num_unique_symbols": 1357,
            "max_code_length": 15,
            "avg_bits_per_symbol": 14.204863669859986,
            "code_length_distribution": [
              0,
              0,
              2,
              1,
              1,
              2,
              3,
              5,
              9,
              15,
              18,
              33,
              56,
              100,
              200,
              912
            ]
          },
          "filter_stats": {
            "type": "bloom",
            "size_bytes": 11250,
            "num_elements": 0,
            "num_hashes": 2,
            "size_bits": 90000,
            "fingerprint_bits": null
          }
        },
        "tracemalloc": 784
      },
      "filter_params": {
        "bloom_bits_per_element": 3,
        "bloom_num_hashes": 2
      },
      "filter_type": "bloom"
    },
    {
      "method": "java_csf",
      "construction_time_s": 0.23778,
      "inference_ns": {
        "mean": 1065.0,
        "median": 958.0,
        "std": 1096.0,
        "min": 750,
        "max": 11834,
        "p95": 1166.0,
        "p99": 2264.0
      },
      "memory": {
        "num_bits": 356553,
        "serialized_bytes": 45616
      },
      "filter_params": {
        "codec": "Huffman"
      },
      "filter_type": null
    },
    {
      "method": "java_mph",
      "construction_time_s": 0.552138,
      "inference_ns": {
        "mean": 1533.0,
        "median": 1209.0,
        "std": 1499.0,
        "min": 792,
        "max": 11750,
        "p95": 2908.0,
        "p99": 9688.0
      },
      "memory": {
        "serialized_bytes": 557497
      },
      "filter_params": null,
      "filter_type": null
    }
  ]
}