{
  "dataset": {
    "N": 100000,
    "alpha": 0.5,
    "target_alpha": 0.5,
    "minority_dist": "unique",
    "seed": 42
  },
  "results": [
    {
      "method": "hash_table",
      "construction_time_s": 0.007060042000375688,
      "inference_ns": {
        "mean": 430.82,
        "median": 416.0,
        "std": 192.0050197260478,
        "min": 41.0,
        "max": 1125.0,
        "p95": 794.0499999999998,
        "p99": 1041.8400000000004
      },
      "memory": {
        "theoretical": 1188890,
        "tracemalloc": 656
      },
      "filter_params": null,
      "filter_type": null
    },
    {
      "method": "cpp_hash_table",
      "construction_time_s": 0.01214054199954262,
      "inference_ns": {
        "mean": 635.42,
        "median": 541.0,
        "std": 317.84352061981696,
        "min": 166.0,
        "max": 1625.0,
        "p95": 1209.0,
        "p99": 1336.9100000000014
      },
      "memory": {
        "theoretical": 1188890,
        "tracemalloc": 624
      },
      "filter_params": null,
      "filter_type": null
    },
    {
      "method": "csf_filter_optimal_binary_fuse",
      "construction_time_s": 0.08111512500181561,
      "inference_ns": {
        "mean": 372.43,
        "median": 375.0,
        "std": 132.52639397493618,
        "min": 167.0,
        "max": 667.0,
        "p95": 583.0,
        "p99": 667.0
      },
      "memory": {
        "serialized": 328971,
        "csf_stats": {
          "in_memory_bytes": 328791,
          "solution_bytes": 117408.0,
          "filter_bytes": 7168.0,
          "metadata_bytes": 204215.0,
          "bucket_stats": {
            "num_buckets": 243,
            "total_solution_bits": 931768,
            "avg_solution_bits": 3834.4362139917694,
            "min_solution_bits": 3249,
            "max_solution_bits": 4538
          },
          "huffman_stats": {
            "num_unique_symbols": 50001,
            "max_code_length": 17,
            "avg_bits_per_symbol": 16.033639327213457,
            "code_length_distribution": [
              0,
              0,
              1,
              0,
              0,
              0,
              0,
              0,
              0,
              0,
              0,
              0,
              0,
              0,
              0,
              0,
              48304,
              1696
            ]
          },
          "filter_stats": {
            "type": "binary_fuse",
            "size_bytes": 7168,
            "num_elements": 50000,
            "num_hashes": null,
            "size_bits": null,
            "fingerprint_bits": 1
          }
        },
        "tracemalloc": 1280
      },
      "filter_params": {
        "fingerprint_bits": 1
      },
      "filter_type": "binary_fuse"
    },
    {
      "method": "csf_filter_shibuya_bloom",
      "construction_time_s": 0.08376691699959338,
      "inference_ns": {
        "mean": 400.31,
        "median": 375.0,
        "std": 242.97677646227837,
        "min": 208.0,
        "max": 2500.0,
        "p95": 625.0,
        "p99": 685.3300000000094
      },
      "memory": {
        "serialized": 341483,
        "csf_stats": {
          "in_memory_bytes": 341360,
          "solution_bytes": 112336.0,
          "filter_bytes": 25000.0,
          "metadata_bytes": 204024.0,
          "bucket_stats": {
            "num_buckets": 232,
            "total_solution_bits": 891132,
            "avg_solution_bits": 3841.0862068965516,
            "min_solution_bits": 3237,
            "max_solution_bits": 4537
          },
          "huffman_stats": {
            "num_unique_symbols": 50001,
            "max_code_length": 16,
            "avg_bits_per_symbol": 15.852862942741146,
            "code_length_distribution": [
              0,
              0,
              0,
              1,
              0,
              0,
              0,
              0,
              0,
              0,
              0,
              0,
              0,
              0,
              0,
              7344,
              42656
            ]
          },
          "filter_stats": {
            "type": "bloom",
            "size_bytes": 25000,
            "num_elements": 0,
            "num_hashes": 3,
            "size_bits": 200000,
            "fingerprint_bits": null
          }
        },
        "tracemalloc": 1160
      },
      "filter_params": {
        "bloom_bits_per_element": 4,
        "bloom_num_hashes": 3
      },
      "filter_type": "bloom"
    },
    {
      "method": "java_csf",
      "construction_time_s": 0.558939,
      "inference_ns": {
        "mean": 667.0,
        "median": 584.0,
        "std": 690.0,
        "min": 416,
        "max": 5791,
        "p95": 708.0,
        "p99": 5049.0
      },
      "memory": {
        "num_bits": 4179676,
        "serialized_bytes": 523975
      },
      "filter_params": {
        "codec": "Huffman"
      },
      "filter_type": null
    },
    {
      "method": "java_mph",
      "construction_time_s": 0.496298,
      "inference_ns": {
        "mean": 1363.0,
        "median": 1209.0,
        "std": 888.0,
        "min": 833,
        "max": 7292,
        "p95": 2225.0,
        "p99": 5682.0
      },
      "memory": {
        "serialized_bytes": 548682
      },
      "filter_params": null,
      "filter_type": null
    },
    {
      "method": "lsf_ourcsf_filtered-huffmancsf_opt",
      "construction_time_s": 0.142485625,
      "inference_ns": {
        "mean": 111.674094
      },
      "memory": {
        "serialized_bytes": 111399,
        "bits_per_key": 8.91192,
        "model_bits_per_key": 16.00032
      },
      "filter_params": {
        "competitor": "ourCSF",
        "storage": "Filtered-HuffmanCSF_Opt",
        "cross_entropy_bits_per_key": null
      },
      "filter_type": null
    }
  ]
}