{
  "dataset": {
    "N": 100000,
    "alpha": 0.99,
    "target_alpha": 0.99,
    "minority_dist": "unique",
    "seed": 42
  },
  "results": [
    {
      "method": "hash_table",
      "construction_time_s": 0.010365791000367608,
      "inference_ns": {
        "mean": 438.28,
        "median": 417.0,
        "std": 177.7301932705864,
        "min": 41.0,
        "max": 917.0,
        "p95": 712.1499999999997,
        "p99": 875.4200000000002
      },
      "memory": {
        "theoretical": 1188890,
        "tracemalloc": 168
      },
      "filter_params": null,
      "filter_type": null
    },
    {
      "method": "cpp_hash_table",
      "construction_time_s": 0.012602583003172185,
      "inference_ns": {
        "mean": 805.87,
        "median": 542.0,
        "std": 574.8201049893784,
        "min": 166.0,
        "max": 4084.0,
        "p95": 1881.2499999999995,
        "p99": 2186.1700000000096
      },
      "memory": {
        "theoretical": 1188890,
        "tracemalloc": 168
      },
      "filter_params": null,
      "filter_type": null
    },
    {
      "method": "csf_filter_optimal_binary_fuse",
      "construction_time_s": 0.017924667001352645,
      "inference_ns": {
        "mean": 184.13,
        "median": 167.0,
        "std": 44.13947326373526,
        "min": 125.0,
        "max": 458.0,
        "p95": 211.0499999999999,
        "p99": 417.4100000000002
      },
      "memory": {
        "serialized": 7043,
        "csf_stats": {
          "in_memory_bytes": 6863,
          "solution_bytes": 1720.0,
          "filter_bytes": 1032.0,
          "metadata_bytes": 4111.0,
          "bucket_stats": {
            "num_buckets": 3,
            "total_solution_bits": 13616,
            "avg_solution_bits": 4538.666666666667,
            "min_solution_bits": 4492,
            "max_solution_bits": 4616
          },
          "huffman_stats": {
            "num_unique_symbols": 1001,
            "max_code_length": 11,
            "avg_bits_per_symbol": 10.966033966033965,
            "code_length_distribution": [
              0,
              1,
              0,
              0,
              0,
              0,
              0,
              0,
              0,
              0,
              24,
              976
            ]
          },
          "filter_stats": {
            "type": "binary_fuse",
            "size_bytes": 1032,
            "num_elements": 1000,
            "num_hashes": null,
            "size_bits": null,
            "fingerprint_bits": 6
          }
        },
        "tracemalloc": 856
      },
      "filter_params": {
        "fingerprint_bits": 6
      },
      "filter_type": "binary_fuse"
    },
    {
      "method": "csf_filter_shibuya_bloom",
      "construction_time_s": 0.020226708002155647,
      "inference_ns": {
        "mean": 235.76,
        "median": 209.0,
        "std": 44.18215024192462,
        "min": 208.0,
        "max": 500.0,
        "p95": 333.0,
        "p99": 376.2500000000006
      },
      "memory": {
        "serialized": 7034,
        "csf_stats": {
          "in_memory_bytes": 6908,
          "solution_bytes": 1672.0,
          "filter_bytes": 1125.0,
          "metadata_bytes": 4111.0,
          "bucket_stats": {
            "num_buckets": 3,
            "total_solution_bits": 13289,
            "avg_solution_bits": 4429.666666666667,
            "min_solution_bits": 4364,
            "max_solution_bits": 4512
          },
          "huffman_stats": {
            "num_unique_symbols": 1001,
            "max_code_length": 11,
            "avg_bits_per_symbol": 10.966033966033965,
            "code_length_distribution": [
              0,
              1,
              0,
              0,
              0,
              0,
              0,
              0,
              0,
              0,
              24,
              976
            ]
          },
          "filter_stats": {
            "type": "bloom",
            "size_bytes": 1125,
            "num_elements": 0,
            "num_hashes": 6,
            "size_bits": 9000,
            "fingerprint_bits": null
          }
        },
        "tracemalloc": 784
      },
      "filter_params": {
        "bloom_bits_per_element": 9,
        "bloom_num_hashes": 6
      },
      "filter_type": "bloom"
    },
    {
      "method": "java_csf",
      "construction_time_s": 0.190133,
      "inference_ns": {
        "mean": 358.0,
        "median": 333.0,
        "std": 140.0,
        "min": 291,
        "max": 1542,
        "p95": 419.0,
        "p99": 1005.0
      },
      "memory": {
        "num_bits": 192940,
        "serialized_bytes": 25111
      },
      "filter_params": {
        "codec": "Huffman"
      },
      "filter_type": null
    },
    {
      "method": "java_mph",
      "construction_time_s": 0.626746,
      "inference_ns": {
        "mean": 1505.0,
        "median": 1334.0,
        "std": 783.0,
        "min": 1125,
        "max": 6917,
        "p95": 2172.0,
        "p99": 6340.0
      },
      "memory": {
        "serialized_bytes": 723499
      },
      "filter_params": null,
      "filter_type": null
    },
    {
      "method": "lsf_ours_filtered-huffman_opt",
      "construction_time_s": 7.15262,
      "inference_ns": {
        "mean": 35747
      },
      "memory": {
        "serialized": 20155,
        "bits_per_key": 1.13192,
        "model_bits_per_key": 0.48048
      },
      "filter_params": {
        "competitor": "ours",
        "storage": "Filtered-Huffman_Opt",
        "cross_entropy_bits_per_key": 0.181079
      },
      "filter_type": null
    }
  ]
}