{
  "dataset": {
    "N": 100000,
    "alpha": 0.95,
    "target_alpha": 0.95,
    "minority_dist": "uniform_100",
    "seed": 42
  },
  "results": [
    {
      "method": "hash_table",
      "construction_time_s": 0.009791124997718725,
      "inference_ns": {
        "mean": 458.77,
        "median": 417.0,
        "std": 269.7453931024587,
        "min": 83.0,
        "max": 2500.0,
        "p95": 710.0999999999999,
        "p99": 1097.1700000000073
      },
      "memory": {
        "theoretical": 1188890,
        "tracemalloc": 168
      },
      "filter_params": null,
      "filter_type": null
    },
    {
      "method": "cpp_hash_table",
      "construction_time_s": 0.0134189999953378,
      "inference_ns": {
        "mean": 661.63,
        "median": 541.0,
        "std": 470.7686407355528,
        "min": 166.0,
        "max": 3916.0,
        "p95": 1300.3499999999995,
        "p99": 1977.58000000001
      },
      "memory": {
        "theoretical": 1188890,
        "tracemalloc": 168
      },
      "filter_params": null,
      "filter_type": null
    },
    {
      "method": "csf_filter_optimal_binary_fuse",
      "construction_time_s": 0.01767091699730372,
      "inference_ns": {
        "mean": 178.34,
        "median": 167.0,
        "std": 58.006589280873946,
        "min": 125.0,
        "max": 583.0,
        "p95": 291.0,
        "p99": 417.67000000000087
      },
      "memory": {
        "serialized": 10048,
        "csf_stats": {
          "in_memory_bytes": 9868,
          "solution_bytes": 6080.0,
          "filter_bytes": 3136.0,
          "metadata_bytes": 652.0,
          "bucket_stats": {
            "num_buckets": 12,
            "total_solution_bits": 48261,
            "avg_solution_bits": 4021.75,
            "min_solution_bits": 3878,
            "max_solution_bits": 4140
          },
          "huffman_stats": {
            "num_unique_symbols": 101,
            "max_code_length": 8,
            "avg_bits_per_symbol": 7.653465346534653,
            "code_length_distribution": [
              0,
              1,
              0,
              0,
              0,
              0,
              0,
              28,
              72
            ]
          },
          "filter_stats": {
            "type": "binary_fuse",
            "size_bytes": 3136,
            "num_elements": 5000,
            "num_hashes": null,
            "size_bits": null,
            "fingerprint_bits": 4
          }
        },
        "tracemalloc": 856
      },
      "filter_params": {
        "fingerprint_bits": 4
      },
      "filter_type": "binary_fuse"
    },
    {
      "method": "csf_filter_shibuya_bloom",
      "construction_time_s": 0.018744542001513764,
      "inference_ns": {
        "mean": 213.79,
        "median": 208.0,
        "std": 32.56571663575055,
        "min": 166.0,
        "max": 334.0,
        "p95": 250.0,
        "p99": 333.01
      },
      "memory": {
        "serialized": 10527,
        "csf_stats": {
          "in_memory_bytes": 10402,
          "solution_bytes": 6000.0,
          "filter_bytes": 3750.0,
          "metadata_bytes": 652.0,
          "bucket_stats": {
            "num_buckets": 12,
            "total_solution_bits": 47725,
            "avg_solution_bits": 3977.0833333333335,
            "min_solution_bits": 3831,
            "max_solution_bits": 4145
          },
          "huffman_stats": {
            "num_unique_symbols": 101,
            "max_code_length": 8,
            "avg_bits_per_symbol": 7.653465346534653,
            "code_length_distribution": [
              0,
              1,
              0,
              0,
              0,
              0,
              0,
              28,
              72
            ]
          },
          "filter_stats": {
            "type": "bloom",
            "size_bytes": 3750,
            "num_elements": 0,
            "num_hashes": 4,
            "size_bits": 30000,
            "fingerprint_bits": null
          }
        },
        "tracemalloc": 784
      },
      "filter_params": {
        "bloom_bits_per_element": 6,
        "bloom_num_hashes": 4
      },
      "filter_type": "bloom"
    },
    {
      "method": "java_csf",
      "construction_time_s": 0.188973,
      "inference_ns": {
        "mean": 326.0,
        "median": 333.0,
        "std": 71.0,
        "min": 291,
        "max": 958,
        "p95": 375.0,
        "p99": 464.0
      },
      "memory": {
        "num_bits": 160691,
        "serialized_bytes": 21094
      },
      "filter_params": {
        "codec": "Huffman"
      },
      "filter_type": null
    },
    {
      "method": "java_mph",
      "construction_time_s": 0.5715,
      "inference_ns": {
        "mean": 1551.0,
        "median": 1375.0,
        "std": 917.0,
        "min": 958,
        "max": 7583,
        "p95": 2627.0,
        "p99": 7542.0
      },
      "memory": {
        "serialized_bytes": 699365
      },
      "filter_params": null,
      "filter_type": null
    },
    {
      "method": "lsf_burr_burr",
      "construction_time_s": 0.009028874999999999,
      "inference_ns": {
        "mean": 18.668297
      },
      "memory": {
        "serialized_bytes": 88591,
        "bits_per_key": 7.08728,
        "model_bits_per_key": 0
      },
      "filter_params": {
        "competitor": "BuRR",
        "storage": "BuRR",
        "cross_entropy_bits_per_key": null
      },
      "filter_type": null
    },
    {
      "method": "lsf_ourcsf_filtered-huffmancsf_opt",
      "construction_time_s": 0.019272958,
      "inference_ns": {
        "mean": 50.025753
      },
      "memory": {
        "serialized_bytes": 8263,
        "bits_per_key": 0.66104,
        "model_bits_per_key": 0.03232
      },
      "filter_params": {
        "competitor": "ourCSF",
        "storage": "Filtered-HuffmanCSF_Opt",
        "cross_entropy_bits_per_key": null
      },
      "filter_type": null
    },
    {
      "method": "lsf_ours_filtered-huffman_opt",
      "construction_time_s": 5.733066834013387,
      "inference_ns": {
        "mean": 3199
      },
      "memory": {
        "serialized": 8997,
        "bits_per_key": 0.67136,
        "model_bits_per_key": 0.04848
      },
      "filter_params": {
        "competitor": "ours",
        "storage": "Filtered-Huffman_Opt",
        "cross_entropy_bits_per_key": 0.617017
      },
      "filter_type": null
    }
  ]
}