{
  "dataset": {
    "N": 100000,
    "alpha": 0.6,
    "target_alpha": 0.6,
    "minority_dist": "unique",
    "seed": 42
  },
  "results": [
    {
      "method": "hash_table",
      "construction_time_s": 0.008474374997604173,
      "inference_ns": {
        "mean": 546.72,
        "median": 417.0,
        "std": 424.2783774834631,
        "min": 42.0,
        "max": 3625.0,
        "p95": 1250.0,
        "p99": 1439.0800000000113
      },
      "memory": {
        "theoretical": 1188890,
        "tracemalloc": 512
      },
      "filter_params": null,
      "filter_type": null
    },
    {
      "method": "cpp_hash_table",
      "construction_time_s": 0.006256083011976443,
      "inference_ns": {
        "mean": 116.322,
        "median": 125.0,
        "std": 156.29429521258928,
        "min": 41.0,
        "max": 14875.0,
        "p95": 167.0,
        "p99": 250.0
      },
      "memory": {
        "theoretical": 1188890
      },
      "filter_params": null,
      "filter_type": null
    },
    {
      "method": "csf_filter_optimal_binary_fuse",
      "construction_time_s": 0.052798999997321516,
      "inference_ns": {
        "mean": 105.128,
        "median": 84.0,
        "std": 83.90737879352447,
        "min": 41.0,
        "max": 7667.0,
        "p95": 167.0,
        "p99": 250.0
      },
      "memory": {
        "serialized": 263699,
        "csf_stats": {
          "in_memory_bytes": 263519,
          "solution_bytes": 94296.0,
          "filter_bytes": 5824.0,
          "metadata_bytes": 163399.0,
          "bucket_stats": {
            "num_buckets": 195,
            "total_solution_bits": 748650,
            "avg_solution_bits": 3839.230769230769,
            "min_solution_bits": 2902,
            "max_solution_bits": 4589
          },
          "huffman_stats": {
            "num_unique_symbols": 40001,
            "max_code_length": 17,
            "avg_bits_per_symbol": 16.36121596960076,
            "code_length_distribution": [
              0,
              1,
              0,
              0,
              0,
              0,
              0,
              0,
              0,
              0,
              0,
              0,
              0,
              0,
              0,
              0,
              25536,
              14464
            ]
          },
          "filter_stats": {
            "type": "binary_fuse",
            "size_bytes": 5824,
            "num_elements": 40000,
            "num_hashes": null,
            "size_bits": null,
            "fingerprint_bits": 1
          }
        }
      },
      "filter_params": {
        "fingerprint_bits": 1
      },
      "filter_type": "binary_fuse"
    },
    {
      "method": "csf_filter_shibuya_bloom",
      "construction_time_s": 0.04772866700659506,
      "inference_ns": {
        "mean": 104.4603,
        "median": 84.0,
        "std": 196.21262248874308,
        "min": 41.0,
        "max": 11042.0,
        "p95": 208.0,
        "p99": 333.0
      },
      "memory": {
        "serialized": 272772,
        "csf_stats": {
          "in_memory_bytes": 272649,
          "solution_bytes": 89424.0,
          "filter_bytes": 20000.0,
          "metadata_bytes": 163225.0,
          "bucket_stats": {
            "num_buckets": 185,
            "total_solution_bits": 709362,
            "avg_solution_bits": 3834.389189189189,
            "min_solution_bits": 2828,
            "max_solution_bits": 4492
          },
          "huffman_stats": {
            "num_unique_symbols": 40001,
            "max_code_length": 16,
            "avg_bits_per_symbol": 15.770855728606785,
            "code_length_distribution": [
              0,
              0,
              1,
              0,
              0,
              0,
              0,
              0,
              0,
              0,
              0,
              0,
              0,
              0,
              0,
              9152,
              30848
            ]
          },
          "filter_stats": {
            "type": "bloom",
            "size_bytes": 20000,
            "num_elements": 0,
            "num_hashes": 3,
            "size_bits": 160000,
            "fingerprint_bits": null
          }
        }
      },
      "filter_params": {
        "bloom_bits_per_element": 4,
        "bloom_num_hashes": 3
      },
      "filter_type": "bloom"
    },
    {
      "method": "java_csf",
      "construction_time_s": 0.518025,
      "inference_ns": {
        "mean": 1320.0,
        "median": 709.0,
        "std": 2782.0,
        "min": 500,
        "max": 24375,
        "p95": 4079.0,
        "p99": 10680.0
      },
      "memory": {
        "num_bits": 3353074,
        "serialized_bytes": 420532
      },
      "filter_params": {
        "codec": "Huffman"
      },
      "filter_type": null
    },
    {
      "method": "java_mph",
      "construction_time_s": 0.526962,
      "inference_ns": {
        "mean": 1439.0,
        "median": 1209.0,
        "std": 924.0,
        "min": 1041,
        "max": 8334,
        "p95": 3000.0,
        "p99": 5528.0
      },
      "memory": {
        "serialized_bytes": 583393
      },
      "filter_params": null,
      "filter_type": null
    },
    {
      "method": "lsf_ours_filtered-huffman_opt",
      "construction_time_s": 893.0969769600096,
      "inference_ns": {
        "mean": 3210321
      },
      "memory": {
        "serialized": 363311,
        "bits_per_key": 9.8644,
        "model_bits_per_key": 19.20048
      },
      "filter_params": {
        "competitor": "ours",
        "storage": "Filtered-Huffman_Opt",
        "cross_entropy_bits_per_key": 12.972478,
        "best_model": "L0_H0_uint8",
        "num_models_evaluated": 12
      },
      "filter_type": null
    }
  ]
}