{
  "dataset": {
    "N": 100000,
    "alpha": 0.7,
    "target_alpha": 0.7,
    "minority_dist": "unique",
    "seed": 42
  },
  "results": [
    {
      "method": "hash_table",
      "construction_time_s": 0.007142250004108064,
      "inference_ns": {
        "mean": 422.09,
        "median": 416.0,
        "std": 185.02784087806896,
        "min": 42.0,
        "max": 1000.0,
        "p95": 711.0499999999998,
        "p99": 917.8300000000004
      },
      "memory": {
        "theoretical": 1188890,
        "tracemalloc": 368
      },
      "filter_params": null,
      "filter_type": null
    },
    {
      "method": "cpp_hash_table",
      "construction_time_s": 0.00665583299996797,
      "inference_ns": {
        "mean": 136.7299,
        "median": 125.0,
        "std": 107.75374678399821,
        "min": 41.0,
        "max": 9417.0,
        "p95": 250.0,
        "p99": 292.0
      },
      "memory": {
        "theoretical": 1188890
      },
      "filter_params": null,
      "filter_type": null
    },
    {
      "method": "csf_filter_optimal_binary_fuse",
      "construction_time_s": 0.044665541005088016,
      "inference_ns": {
        "mean": 103.3366,
        "median": 84.0,
        "std": 35.27671328851371,
        "min": 41.0,
        "max": 542.0,
        "p95": 167.0,
        "p99": 209.0
      },
      "memory": {
        "serialized": 197774,
        "csf_stats": {
          "in_memory_bytes": 197594,
          "solution_bytes": 70616.0,
          "filter_bytes": 4416.0,
          "metadata_bytes": 122562.0,
          "bucket_stats": {
            "num_buckets": 146,
            "total_solution_bits": 560360,
            "avg_solution_bits": 3838.082191780822,
            "min_solution_bits": 3167,
            "max_solution_bits": 4517
          },
          "huffman_stats": {
            "num_unique_symbols": 30001,
            "max_code_length": 16,
            "avg_bits_per_symbol": 15.907236425452485,
            "code_length_distribution": [
              0,
              1,
              0,
              0,
              0,
              0,
              0,
              0,
              0,
              0,
              0,
              0,
              0,
              0,
              0,
              2768,
              27232
            ]
          },
          "filter_stats": {
            "type": "binary_fuse",
            "size_bytes": 4416,
            "num_elements": 30000,
            "num_hashes": null,
            "size_bits": null,
            "fingerprint_bits": 1
          }
        }
      },
      "filter_params": {
        "fingerprint_bits": 1
      },
      "filter_type": "binary_fuse"
    },
    {
      "method": "csf_filter_shibuya_bloom",
      "construction_time_s": 0.04002466599922627,
      "inference_ns": {
        "mean": 95.9636,
        "median": 84.0,
        "std": 33.73783743869782,
        "min": 41.0,
        "max": 417.0,
        "p95": 167.0,
        "p99": 209.0
      },
      "memory": {
        "serialized": 203908,
        "csf_stats": {
          "in_memory_bytes": 203785,
          "solution_bytes": 66376.0,
          "filter_bytes": 15000.0,
          "metadata_bytes": 122409.0,
          "bucket_stats": {
            "num_buckets": 137,
            "total_solution_bits": 526577,
            "avg_solution_bits": 3843.6277372262775,
            "min_solution_bits": 3179,
            "max_solution_bits": 4578
          },
          "huffman_stats": {
            "num_unique_symbols": 30001,
            "max_code_length": 16,
            "avg_bits_per_symbol": 15.36115462817906,
            "code_length_distribution": [
              0,
              0,
              1,
              0,
              0,
              0,
              0,
              0,
              0,
              0,
              0,
              0,
              0,
              0,
              0,
              19152,
              10848
            ]
          },
          "filter_stats": {
            "type": "bloom",
            "size_bytes": 15000,
            "num_elements": 0,
            "num_hashes": 3,
            "size_bits": 120000,
            "fingerprint_bits": null
          }
        }
      },
      "filter_params": {
        "bloom_bits_per_element": 4,
        "bloom_num_hashes": 3
      },
      "filter_type": "bloom"
    },
    {
      "method": "java_csf",
      "construction_time_s": 0.618945,
      "inference_ns": {
        "mean": 399.0,
        "median": 375.0,
        "std": 92.0,
        "min": 291,
        "max": 875,
        "p95": 542.0,
        "p99": 833.0
      },
      "memory": {
        "num_bits": 2529408,
        "serialized_bytes": 317462
      },
      "filter_params": {
        "codec": "Huffman"
      },
      "filter_type": null
    },
    {
      "method": "java_mph",
      "construction_time_s": 0.539111,
      "inference_ns": {
        "mean": 1400.0,
        "median": 1125.0,
        "std": 1170.0,
        "min": 958,
        "max": 8542,
        "p95": 2084.0,
        "p99": 7510.0
      },
      "memory": {
        "serialized_bytes": 618085
      },
      "filter_params": null,
      "filter_type": null
    },
    {
      "method": "lsf_ours_filtered-huffman_opt",
      "construction_time_s": 592.2406889160247,
      "inference_ns": {
        "mean": 2346911
      },
      "memory": {
        "serialized": 280721,
        "bits_per_key": 8.0572,
        "model_bits_per_key": 14.40048
      },
      "filter_params": {
        "competitor": "ours",
        "storage": "Filtered-Huffman_Opt",
        "cross_entropy_bits_per_key": 5.652452,
        "best_model": "L0_H0_float32",
        "num_models_evaluated": 12
      },
      "filter_type": null
    }
  ]
}